"conversation_id_str,""created_at"",""favorite_count"",""full_text"",""id_str"",""image_url"",""in_reply_to_screen_name"",""lang"",""location"",""quote_count"",""reply_count"",""retweet_count"",""tweet_url"",""user_id_str"",""username"""
"1840228821360165173,""Sun Sep 29 03:15:15 +0000 2024"",""1"",""Bagaimana mau naik investasi ke emerging market yg kapitalisasi kecil rerata yg dibeli a/ indeksnya. Pada momentum itu yg masuk LQ45 perusahaan remuk macam $GOTO $BUKA sementara BUMN konstruksi &amp  penerbangan makin ambruk. Persis cm ditopang perbankan &amp  yeah komoditas."",""1840228821360165173"","""","""",""in"",""0341"",""0"",""0"",""1"",""https://x.com/bogiyuniar/status/1840228821360165173"",""167774647"",""bogiyuniar"""
"1839446744742146247,""Fri Sep 27 10:11:31 +0000 2024"",""0"",""langkah Gojek dan Tokopedia untuk merger dan melahirkan perusahaan baru bernama GoTo ini biasa disebut dengan Merger Konglomerat."",""1839608801785446553"","""",""sikakirata"",""in"",""Jakarta "",""0"",""1"",""0"",""https://x.com/sikakirata/status/1839608801785446553"",""1829717072093593600"",""sikakirata"""
"1838058680094466293,""Mon Sep 23 03:31:53 +0000 2024"",""0"",""PT GoTo Gojek Tokopedia Tbk (GOTO) menjalin kolaborasi dengan Tencent perusahaan teknologi global. https://t.co/bcSfxKZagn #goto #tokopedia #teknologi #kolaborasi"",""1838058680094466293"","""","""",""in"",""Jakarta"",""0"",""0"",""0"",""https://x.com/Media_Asuransi/status/1838058680094466293"",""1450957656"",""Media_Asuransi"""
"1837382504279691670,""Sun Sep 22 14:10:08 +0000 2024"",""0"",""@pelintas_senja @shitlicious tapi para aceng bego gini mau aja daftar program mitra jarak dekat dengan iming-iming orderan banyak. Ya banyak sih tapi ongkir flat 5rb juga buat apa butuh 20 perjalanan baru nyentuh 100rb. Udah gitu dibegoin perusahaan dari 9000 harusnya goto cuma 20% sama aceng dapet lebih"",""1837856913796534784"","""",""macan_kayang"",""in"","""",""0"",""0"",""0"",""https://x.com/macan_kayang/status/1837856913796534784"",""702160919921618944"",""macan_kayang"""
"1837767561611825487,""Sun Sep 22 08:15:05 +0000 2024"",""0"",""Perusahaan Tepercaya Dunia: Ada GOTO ASII hingga Jagoan Lo Kheng Hong GJTL https://t.co/tzWdtGQxqi"",""1837767561611825487"","""","""",""in"",""Jakarta, Indonesia"",""0"",""0"",""0"",""https://x.com/Bisniscom/status/1837767561611825487"",""118646322"",""Bisniscom"""
"1837042913597182072,""Fri Sep 20 08:15:35 +0000 2024"",""1"",""Profil William Xiong Direktur IT Baru GOTO Jebolan Perusahaan Jack Ma https://t.co/A0hfYeBEyT"",""1837042913597182072"","""","""",""in"",""Jakarta"",""0"",""0"",""1"",""https://x.com/KATADATAcoid/status/1837042913597182072"",""552523769"",""KATADATAcoid"""
"1835149375674466440,""Sun Sep 15 02:51:21 +0000 2024"",""1589"",""Tahukah kamu bahwa menurut Goto (2021) Huawei dimiliki oleh karyawannya melalui skema saham yang dikelola oleh serikat pekerja. Sekitar 99% saham perusahaan dipegang oleh karyawan dengan hak suara dan dividen yang diberikan kepada mereka. https://t.co/DdKt9bUU7m"",""1835149375674466440"",""https://pbs.twimg.com/media/GXfCnvPbwAIEsA7.jpg"","""",""in"","""",""43"",""18"",""377"",""https://x.com/anju0gerald/status/1835149375674466440"",""1767497204787507200"",""anju0gerald"""
"1834129769178562961,""Thu Sep 12 07:19:48 +0000 2024"",""0"",""Saham Perusahaan Teknologi GOTO Melejit Transaksi Mencapai Rp 227 45 Miliar - https://t.co/GY3rsUS59G"",""1834129769178562961"","""","""",""in"","""",""0"",""0"",""0"",""https://x.com/betangid/status/1834129769178562961"",""1712392844328194048"",""betangid"""
"1833700127149826507,""Wed Sep 11 02:52:33 +0000 2024"",""1"",""Peringkat ESG Global Perusahaan Teknologi GOTO Ungguli Sea dan Grab https://t.co/A8V5BGtVVc"",""1833700127149826507"","""","""",""in"",""Jakarta"",""0"",""0"",""1"",""https://x.com/KATADATAcoid/status/1833700127149826507"",""552523769"",""KATADATAcoid"""
"1832683011730780655,""Sun Sep 08 07:30:54 +0000 2024"",""193"",""Ada logika yang cacat di video ini. Jadi begini orang yang cari pasangan itu terkungkung oleh kehidupan sosialnya (yang dipengaruhi oleh strata sosial ekonomi orang tsb). Contoh kasus: Cewek lulusan univ elit spt UI/ITB kerja di perusahaan elit spt GOTO/Traveloka/Tiket dot https://t.co/DnHqj1GO8I"",""1832683011730780655"",""https://pbs.twimg.com/media/GW7-pgaaQAAwfoo.png"","""",""in"",""Jakarta, Indonesia"",""6"",""5"",""39"",""https://x.com/arjunaskykok/status/1832683011730780655"",""753309366"",""arjunaskykok"""
"1831900795211808888,""Fri Sep 06 05:39:57 +0000 2024"",""10"",""@lynxluna @irwndfrry Iya betul bang. Dengan sistem karier dan benefit pns sekarang. Kurang menarik sdm terbaik untuk masuk. Jadi ya sulit kita nuntut kinerja dan kompetensi asn setara dengan lembaga negara sekelas BI atau perusahaan sekelas Astra BCA unilver goto."",""1831930315541258422"","""",""lynxluna"",""in"","""",""0"",""0"",""0"",""https://x.com/logikakalsehat/status/1831930315541258422"",""1639903014357184512"",""logikakalsehat"""
"1831924337215246829,""Fri Sep 06 05:16:12 +0000 2024"",""0"",""GOTO Jadi Perusahaan Teknologi Diperingkat ESG Tertinggi Versi Riset Morningstar https://t.co/SYkEOaz6gF"",""1831924337215246829"","""","""",""in"",""Indonesia"",""0"",""0"",""0"",""https://x.com/esg_indonesia/status/1831924337215246829"",""1717826113601515520"",""esg_indonesia"""
"1831919820713161013,""Fri Sep 06 04:58:15 +0000 2024"",""0"",""GOTO Jadi Perusahaan Teknologi Diperingkat ESG Tertinggi Versi Riset Morningstar #esgindonesia #esg https://t.co/1SJRXzmH62"",""1831919820713161013"","""","""",""in"",""Indonesia"",""0"",""0"",""0"",""https://x.com/esg_indonesia/status/1831919820713161013"",""1717826113601515520"",""esg_indonesia"""
"1831681872541446668,""Thu Sep 05 15:17:02 +0000 2024"",""35"",""Selain bocoran MT masih ada 15+ webinar lainnya dari perusahaan bonafit kayak GoTo Ruangguru Auto 2000 Kino dsb. TIMELINE Apply Loker: NOW! ‍ Webinar &amp  Konsultasi Karir with HR : 23 27 Sep 24 Offline Company Visit: 1 31 Okt 24 Semangat pejuang MT! https://t.co/Gxxys3VMy1"",""1831713156517056734"",""https://pbs.twimg.com/media/GWuNZufa8AAMc4I.jpg"",""nanadybs"",""in"",""Jakarta Capital Region"",""0"",""0"",""2"",""https://x.com/nanadybs/status/1831713156517056734"",""330922245"",""nanadybs"""
"1831588074762977702,""Thu Sep 05 07:00:00 +0000 2024"",""0"",""PT GoTo mengumumkan tutup di Vietnam per 16 September 2024. Di sana GoTo membuka layanan Go-Viet. Corporate Secretary GoTo Koesoemohadiani menyebut penutupan ini mempertegas fokus perusahaan dalam mengembangkan bisnis yang berpotensi tumbuh signifikan. #SmartNews https://t.co/WvJdlcQWjW"",""1831588074762977702"",""https://pbs.twimg.com/media/GWrWu6ga8AU4_3J.jpg"","""",""in"",""Jl. Kebahagiaan No.4-14Jakarta"",""0"",""0"",""0"",""https://x.com/RadioSmartFM/status/1831588074762977702"",""177084452"",""RadioSmartFM"""
"1831576812012630023,""Thu Sep 05 06:15:15 +0000 2024"",""0"",""GoTo memutuskan untuk menghentikan bisnis layanan ojek online (ojol) di Vietnam GoViet karena alasan pertumbuhan perusahaan. https://t.co/lZyp8RVkwV"",""1831576812012630023"","""","""",""in"",""Jakarta"",""0"",""0"",""1"",""https://x.com/kompascom/status/1831576812012630023"",""23343960"",""kompascom"""
"1831538446495838442,""Thu Sep 05 03:58:40 +0000 2024"",""1"",""@BKNgoid @PeruriDigital Lain x utk thn dpn kerja sama dg swasta aja min utk e materai mndg lbh baik dkelola sama perusahaan swasta yg gede kyk GoTo Shopee atau perusahaan fintech gede mana aja yg udh biasa di dunia digital saya yakin malah lebih profesional CS ny ada klo ada kendala.."",""1831542437850083614"","""",""BKNgoid"",""in"","""",""0"",""0"",""0"",""https://x.com/RakaZe03x/status/1831542437850083614"",""1823096082165116928"",""RakaZe03x"""
"1831303879738396779,""Wed Sep 04 12:21:20 +0000 2024"",""2"",""Yang jadi pertanyaan apakah hal ini wajar? Kalau menurut paparan analisis CELIOS Nailul Huda ini wajar sebagai strategi perusahaan. Apalagi kontribusi Gojek di Vietnam terhadap GOTO juga tidak signifikan."",""1831306551891759374"","""",""BigAlphaID"",""in"",""Jakarta Capital Region"",""0"",""1"",""0"",""https://x.com/BigAlphaID/status/1831306551891759374"",""958566590768926721"",""BigAlphaID"""
"1831232739313594525,""Wed Sep 04 10:10:33 +0000 2024"",""0"",""@rmxrmxrm @andreaswij_ keknya gda yang jata begitu orang saham sdmua tau klo goto perusahaan rugi"",""1831273640081428910"","""",""rmxrmxrm"",""in"","""",""0"",""0"",""0"",""https://x.com/Sambaaa01/status/1831273640081428910"",""1679666094930546688"",""Sambaaa01"""
"1830920572953600370,""Tue Sep 03 12:36:06 +0000 2024"",""13"",""@Saham_fess soul sulit balik. salahin BEI dan OJK lolosin IPO blangsak. ketr masi bs diharepin balik. revenue cukup tinggi. GoTo net income bs positif baru goto moon. BBYB revenue tinggi kok ya net income minus. perusahaan blangsak. mending GoTo avdown. mudah2an kedepan bs recover P/L"",""1830947877796945990"","""",""Saham_fess"",""in"","""",""0"",""1"",""0"",""https://x.com/cikajang1278/status/1830947877796945990"",""1683681209619189760"",""cikajang1278"""
"1830916786700853517,""Tue Sep 03 11:31:20 +0000 2024"",""0"",""@Saham_fess ya emang banyak perusahaan IPO tapi spek sampah sih gak cuma goto sebenarnya"",""1830931578538860726"","""",""Saham_fess"",""in"","""",""0"",""1"",""0"",""https://x.com/money_shelbyy/status/1830931578538860726"",""1437651852187693060"",""money_shelbyy"""
"1830519918791733502,""Mon Sep 02 08:15:32 +0000 2024"",""0"",""gws dah investor kalo yg begini gk di usut perusahaan semacam goto misalnya muncul lagi mampus dah duit masyarakat ipo sekian naik dikit biar keliatan saham bagus 2 minggu kemudian dibanting haha https://t.co/Y3gZ9THRqt"",""1830519918791733502"",""https://pbs.twimg.com/media/GWdP0CybQAAdb_l.jpg"","""",""in"",""ClashofClan #P29L9CC2C"",""0"",""0"",""0"",""https://x.com/Liperfool/status/1830519918791733502"",""1689659882243579904"",""Liperfool"""
"1830467415932883074,""Mon Sep 02 04:46:55 +0000 2024"",""0"",""Grab &amp  GoTo itu penyedia layanan bukan penyedia jasa. Para driver itu mitra bukan karyawan tapi banyak demo dan nuntut Perusahaan teknologi ini belum bisa berkembang kalau SDM nya masih seperti ini UBER aja shock sampai cabut dari RI."",""1830467415932883074"","""","""",""in"",""South East Asia"",""0"",""0"",""0"",""https://x.com/moscow_hahaha/status/1830467415932883074"",""1295303594413944833"",""moscow_hahaha"""
"1830464956619502080,""Mon Sep 02 04:37:08 +0000 2024"",""3"",""Oh jelas karena bluebird itu murni perusahaan transportasi sedangkan goto grab dll itu adalah perusahaan teknologi business modelnya beda."",""1830464956619502080"","""","""",""in"",""Merantau"",""0"",""0"",""0"",""https://x.com/maspimen/status/1830464956619502080"",""1047853685621968896"",""maspimen"""
"1830366542984556877,""Mon Sep 02 02:44:49 +0000 2024"",""834"",""@goraici Bluebird perusahaan Tbk sudah listing di bursa dan masuk kategori perusahaan transportasi. Bukan macem Goto atau Grab usahanya ada yg anter jemput orang tp ngakunya perusahaan teknologi supaya driver2 dijadiin mitra. Kalau status mitra ya perusahaan ga usa bayar THR "",""1830436689124442171"","""",""goraici"",""in"",""Indonesia"",""2"",""14"",""60"",""https://x.com/yesmar_banu/status/1830436689124442171"",""85495565"",""yesmar_banu"""
"1830366542984556877,""Mon Sep 02 02:16:06 +0000 2024"",""4"",""@goraici padahal harga bluebird bandara ke rumah mirip-mirip harganya. Bluebird bisa inves beli mobil ngegaji karyawan dll sementara Grab Goto kok kayanya berat hidupnya baik perusahaan atau mitranya."",""1830429464674840857"","""",""goraici"",""in"","""",""0"",""0"",""1"",""https://x.com/arief2p/status/1830429464674840857"",""154745500"",""arief2p"""
"1829749891540906380,""Sat Aug 31 05:15:43 +0000 2024"",""0"","" Selama masih berkorelasi antara driver earning sama pendapatan perusahaan pendapat ini sangat benar Kecuali goto nanti jualan produk lain yg ga harus motong2 earning driver lagi"",""1829749891540906380"","""","""",""in"",""Bertapa di toilet"",""0"",""0"",""0"",""https://x.com/pelestesyen/status/1829749891540906380"",""504208634"",""pelestesyen"""
"1829425103723008012,""Fri Aug 30 07:49:28 +0000 2024"",""0"",""Hasilnya matkul itu w dapet B Tp per hari ini bahkan setelah goto 2 tahun ipo buat ebitda positif pun itu perusahaan terseok2"",""1829426192652673184"","""",""PakarMieAyam"",""in"",""221B Baker Street"",""0"",""0"",""0"",""https://x.com/PakarMieAyam/status/1829426192652673184"",""219611265"",""PakarMieAyam"""
"1828773267915857985,""Thu Aug 29 08:07:03 +0000 2024"",""0"",""@apasiiiiiii09 @Alifiandy @ajusss19 @bibahjenner @kegblgnunfaedh Kan liat sikon juga. Investasi kan lg pada cabut. Udh tau goto lg merugi juga. Trus potongan naik emg ojol2 itu ga tau? Kalo tau trus ga terima ya berhenti aja jd ojol. Perusahaan jg harus survive bukan ksh potongan trus ke ojol2"",""1829068230377566574"","""",""apasiiiiiii09"",""in"",""Kolong Jembatan"",""0"",""1"",""0"",""https://x.com/GentongPisang/status/1829068230377566574"",""1256410533474918400"",""GentongPisang"""
"1828773267915857985,""Thu Aug 29 08:01:01 +0000 2024"",""0"",""@ajusss19 @dhi_es_03 @bibahjenner @kegblgnunfaedh Ya udah putus mitra trus mangkal aja. Goto juga perusahaan cok dan rugi trus kok tiap taon. Jd mrk ambil lbh juga bukan buat mrk maruk tp emg investasi luar lg pada cabut post covid. Makanya jgn mau enak sendiri aja."",""1829066711116722285"","""",""ajusss19"",""in"",""Kolong Jembatan"",""0"",""1"",""0"",""https://x.com/GentongPisang/status/1829066711116722285"",""1256410533474918400"",""GentongPisang"""
"1828862558998347789,""Wed Aug 28 18:29:47 +0000 2024"",""0"",""Jika benar2 demo besar2an akan berdampak ke kinerja perusahaan #GOTO termasuk orderan &amp  mungkin juga marketplace Di sisi lain mungkin perusahaan taxi bisa menggunakan kesempatan ini mungkin kini saatnya perusahaan taxi punya armada motor Brp lama? Bgm menurut lo dgn kemacetan? https://t.co/3Apqn2ZAtF"",""1828862558998347789"",""https://pbs.twimg.com/tweet_video_thumb/GWFsy1oasAIP8ZW.jpg"","""",""in"",""Jakarta, Indonesia"",""0"",""0"",""0"",""https://x.com/ari_aditya/status/1828862558998347789"",""76351840"",""ari_aditya"""
"1828300104614478068,""Tue Aug 27 05:14:47 +0000 2024"",""0"",""[COMPANY PROFILE] PT GOTO perusahaan induk yang bergerak di bidang layanan digital dengan 14 anak perusahaan di Indonesia dan beberapa negara lainnya Ada beberapa layanan yang disediakan oleh perusahaan itu loh! Menawarkan infrastruktur teknologi dan solusi bagi semua https://t.co/Go4FL89Gv3"",""1828300104614478068"",""https://pbs.twimg.com/media/GV9tDK9bIAAAF7R.jpg"","""",""in"",""Purwokerto Utara, Indonesia"",""0"",""1"",""0"",""https://x.com/bursaFEBunsoed/status/1828300104614478068"",""1217010523"",""bursaFEBunsoed"""
"1824376287164563918,""Fri Aug 16 09:22:56 +0000 2024"",""0"",""Membaiknya kondisi keuangan GoTo seharusnya menjadi faktor positif namun investor tetap kurang antusias karena harga saham perusahaan menurun. https://t.co/exrdnbWtHc"",""1824376287164563918"","""","""",""in"",""Indonesia"",""0"",""0"",""0"",""https://x.com/TechinAsia_ID/status/1824376287164563918"",""1578524700"",""TechinAsia_ID"""
"1823253205247033849,""Tue Aug 13 10:28:19 +0000 2024"",""2"",""@ferrycsid @sbyfess Anjir ternyata masih ada yg pegang saham goto. Mending goto cut loss aja udh gk ada harapan lg tuh perusahaan "",""1823305577117986944"","""",""ferrycsid"",""in"","""",""0"",""0"",""0"",""https://x.com/Mantanpegawaipt/status/1823305577117986944"",""2517573014"",""Mantanpegawaipt"""
"1822906503373770962,""Mon Aug 12 08:02:33 +0000 2024"",""0"",""Apa langkah GoTo selanjutnya di lanskap teknologi Asia Tenggara yang terus berkembang? Cari tahu jawabannya langsung dari Hans Patuwo - COO GoTo di #TIAConferenceJKT dimana ia akan berbagi wawasan tentang strategi perusahaan untuk tetap jadi yang terdepan! https://t.co/9XW6vxw4Gd"",""1822906503373770962"",""https://pbs.twimg.com/media/GUxDzOfXgAADexe.jpg"","""",""in"",""Indonesia"",""0"",""1"",""0"",""https://x.com/TechinAsia_ID/status/1822906503373770962"",""1578524700"",""TechinAsia_ID"""
"1822107398305443884,""Sat Aug 10 03:07:19 +0000 2024"",""0"",""(8/17) membantu menentukan nilai perusahaan menyusun kesepakatan dan memastikan bahwa merger tersebut berjalan lancar serta menguntungkan bagi semua pihak yang terlibat. Setelah merger investment banker juga berperan dalam membantu GoTo melakukan IPO yang merupakan proses-"",""1822107433361400195"","""",""urprivatebanker"",""in"","""",""0"",""1"",""0"",""https://x.com/urprivatebanker/status/1822107433361400195"",""1818551861072609281"",""urprivatebanker"""
"1820483729774821487,""Wed Aug 07 05:56:58 +0000 2024"",""2"",""@profesor_saham Nah betul mending yang ada produknya pak seperti Gudang garam GOTO kan ada pabriknya walaupun mines banyak yagapapa penting beli perusahaan masalah cuan atau engga yang penting saia beli perusaahaan ehehehe https://t.co/fZ3TAqAZMd"",""1821062960854536219"",""https://pbs.twimg.com/media/GUW3G2Ga8AEKJsg.jpg"",""profesor_saham"",""in"",""Indonesia"",""0"",""0"",""0"",""https://x.com/Jimmydominic9/status/1821062960854536219"",""1251742924989063168"",""Jimmydominic9"""
"1820310694858002793,""Mon Aug 05 06:11:45 +0000 2024"",""3"",""@suliantoip perusahaan tergoblok didunia beli koin an gak jelas gak ada fisik masi aja dibeli"",""1820341908360815055"","""",""SuliantoPutra"",""in"",""New York, USA"",""1"",""8"",""1"",""https://x.com/gotoaddict/status/1820341908360815055"",""1617177428069330944"",""gotoaddict"""
"1818262712562130967,""Tue Jul 30 12:29:47 +0000 2024"",""1"",""Ini Kata Bos GOTO Soal Perusahaan Masih Rugi Rp 2 7 Triliun https://t.co/OzBuNoxfFn"",""1818262712562130967"","""","""",""in"",""Jakarta Capital Region"",""0"",""0"",""0"",""https://x.com/cnbcindonesia/status/1818262712562130967"",""847372542830444544"",""cnbcindonesia"""
"1816037913999860032,""Thu Jul 25 02:10:49 +0000 2024"",""0"",""@Rudy_dugz @RadioElshinta Yg namanya perusahan ikut jadi sponsor ya berarti pengen timbal balik. Berharap produk2 GOTO makin familiar di masyarakat dan bnyk digunakan. Enak ya? Bukankah salah satu pendiri perusahaan itu ada di pemerintahan kan? Msh menjabat atau ngga? Mohon info aja"",""1816295007055405134"","""",""Rudy_dugz"",""in"",""INDONESIA"",""0"",""0"",""0"",""https://x.com/MbemLover/status/1816295007055405134"",""500744646"",""MbemLover"""
"1816271671667614167,""Thu Jul 25 00:39:01 +0000 2024"",""0"",""Program ini didanai oleh perusahaan swasta seperti GoTo dan TikTok. Gibran berharap program ini dapat membantu meningkatkan gizi anak-anak dan menjadi contoh bagi daerah lain di Indonesia."",""1816271903017128198"","""",""lorelinkmedia"",""in"","""",""0"",""0"",""0"",""https://x.com/lorelinkmedia/status/1816271903017128198"",""1577468360534941696"",""lorelinkmedia"""
"1816259712440315976,""Wed Jul 24 23:50:34 +0000 2024"",""0"",""GoTo berencana untuk menarik kembali saham treasuri perseroan yang merupakan saham yang pernah dibeli kembali (share buyback) di tahun 2021 dan 2022. Gimana efeknya ke perusahaan? #bisnisupdate https://t.co/rckpx0ItM5"",""1816259712440315976"","""","""",""in"","""",""0"",""1"",""0"",""https://x.com/kumparan/status/1816259712440315976"",""759692754985242625"",""kumparan"""
"1816025884379472293,""Wed Jul 24 09:23:45 +0000 2024"",""0"",""Ketiga Komitmen Indibiz dari Telkom Indonesia utk mengakselerasi digital UKM di Indonesia didukung oleh berbagai perusahaan ternama seperti Moka dari GoTo Financial utk tingkat lokal. Dukungan dari Microsoft&amp Google utk tingkat global. #CiptakanPeluangWujudkanHarapan #UKMIndibiz"",""1816041571265175623"","""",""andiniharsono"",""in"",""Jakarta Selatan"",""0"",""1"",""0"",""https://x.com/andiniharsono/status/1816041571265175623"",""70627173"",""andiniharsono"""
"1816022398732492895,""Wed Jul 24 08:07:42 +0000 2024"",""0"",""Entah itu dalam bentuk CSR atau apapun ujar Gibran. Jadi kita senang sekali banyak sekali perusahaan yang tergerak termasuk GoTo dan TikTok."",""1816022431217430733"","""",""andystwn4"",""in"","""",""0"",""1"",""0"",""https://x.com/andystwn4/status/1816022431217430733"",""1620838475330383872"",""andystwn4"""
"1815978732911464683,""Wed Jul 24 05:17:02 +0000 2024"",""0"",""Maksud gw kalau modal bisnisnya kayak GoTo ya wajar musik mereka asal-asal perusahaan besar yang cuma dijadiin sapi perah terus bakar duit nyari invest giliran selesai ya ditinggalin sama exsecutivenya. Mengingat hybe sekarang sahamnya juga terjun bebas kan"",""1815979482647302170"","""",""dewameong_maru"",""in"","""",""0"",""0"",""0"",""https://x.com/dewameong_maru/status/1815979482647302170"",""2566449024"",""dewameong_maru"""
"1814553758019559902,""Sun Jul 21 02:35:33 +0000 2024"",""0"",""@ThomsonNa70 @ibamarief Bytedance mana punya wewenang di goto goto si lokal itu bobrok jelas² nipu investor duit negara dikeruk triliun value perusahaan gk gede sebelum akuisisi tokped goto layoff 2 ribu karyawan lebih sedangkan tiktok emng harus efisiensi bisnis mana mau mereka gaji benalu"",""1814851679625560560"","""",""blackAnt778"",""in"","""",""0"",""0"",""0"",""https://x.com/StalkerFil59330/status/1814851679625560560"",""1681053607100289024"",""StalkerFil59330"""
"1813748057449845134,""Thu Jul 18 01:30:09 +0000 2024"",""0"",""Eks Petinggi Perusahaan Fintech China Masuk GOTO Ada Apa? https://t.co/6HF02uwt9W #InvestorDaily #investasi #Saham"",""1813748057449845134"","""","""",""in"",""Jakarta, Indonesia"",""0"",""0"",""0"",""https://x.com/InvestorID/status/1813748057449845134"",""238091066"",""InvestorID"""
"1813514898049302935,""Wed Jul 17 10:03:39 +0000 2024"",""0"",""PT GoTo Gojek Tokopedia Tbk (GOTO) mengumumkan rencana penunjukan Simon Tak Leung Ho sebagai Chief Financial Officer (CFO) perusahaan yang baru gantikan Jacky Lo yang resign. #bisnisupdate #update https://t.co/ZT1KfAGibc"",""1813514898049302935"","""","""",""in"","""",""1"",""0"",""0"",""https://x.com/kumparan/status/1813514898049302935"",""759692754985242625"",""kumparan"""
"1812108121650888962,""Sun Jul 14 05:10:11 +0000 2024"",""0"",""@butterflyn_ @NurizalAR @txtfrombrand Ditambah si bytedance itu big tech bisnis dia emng jalan nyari profit gk kek goto nyari validasi Lokal layoff itu emng harus dalam struktur perusahaan 450 koar² goto layoff 1000 orang taun kemaren adem ayem job double ngapain juga bytedance pelihara benalu."",""1812353881223172125"","""",""butterflyn_"",""in"","""",""0"",""0"",""0"",""https://x.com/StalkerFil59330/status/1812353881223172125"",""1681053607100289024"",""StalkerFil59330"""
"1811198281361567833,""Thu Jul 11 08:33:57 +0000 2024"",""0"",""@investorgabut Salah satu cara agar goto ga jadi beban market ya ikut terjun ke dunia kripto 2022 kan beli perusahaan wallet kripto tuh Tinggal poles aja sekalian bikin token Nah nanti lembar sahamnya dituker jadi token Lembar saham beredar berkurang + dapet token bagi penggunanya Win win kan?"",""1811317996125655435"","""",""investorgabut"",""in"","""",""0"",""0"",""0"",""https://x.com/benggol095/status/1811317996125655435"",""1784924538045911040"",""benggol095"""
"1810452386936410484,""Wed Jul 10 14:25:11 +0000 2024"",""0"",""@tinovapram @innovacommunity Sebenarnya lebih mirip Tokopedia dibeli GoTo. Kalau Toyota-Daihatsu kan Rebadge ya di negeri asalnya tetep beda perusahaan."",""1811043999396024751"","""",""tinovapram"",""in"",""Bandung, Indonesia"",""0"",""1"",""0"",""https://x.com/giegulali/status/1811043999396024751"",""70321462"",""giegulali"""
"1810897517409976602,""Wed Jul 10 09:34:33 +0000 2024"",""0"",""@Strategi_Bisnis Tokped kan udah cere dari GOTO otomatis laporan keuangan ke-2 perusahaan udh ga dikonsol. Pun tokped gacor kalo mereka mutusin buat ga bagi dividen kenaikan aset GOTO semu doang gaada cashflow in. Gimana ceritanya arah tepat kalo kaya gini?"",""1810970859341050353"","""",""Strategi_Bisnis"",""in"","""",""0"",""0"",""0"",""https://x.com/asyraafaribi/status/1810970859341050353"",""621446837"",""asyraafaribi"""
"1810536302481379739,""Wed Jul 10 04:49:38 +0000 2024"",""0"",""@geloraco Kerennya Tapi yg lucu mantan perusahaan dia Goto sekarang runkad "",""1810899156682121639"","""",""geloraco"",""in"","""",""0"",""0"",""0"",""https://x.com/faaaaacccxxx/status/1810899156682121639"",""1505425691352829952"",""faaaaacccxxx"""
"1810897517409976602,""Wed Jul 10 04:43:07 +0000 2024"",""196"",""Momentum GOTO bangkit? Menurut Kartika Sutandi CMO Jarvis Asset Management secara fundamental GOTO ini sudah di arah yg tepat setelah deal dgn TikTok. Koreksi harga sahamnya sekarang jg jd dinilai wajar karena bisa jd titik balik ke depannya utk perusahaan yg lebih sehat. https://t.co/J0jAs3Xihr"",""1810897517409976602"",""https://pbs.twimg.com/ext_tw_video_thumb/1810897327500185602/pu/img/4RdUUUhJ_MxUEytU.jpg"","""",""in"","""",""8"",""26"",""41"",""https://x.com/Strategi_Bisnis/status/1810897517409976602"",""190535830"",""Strategi_Bisnis"""
"1810649022186537098,""Tue Jul 09 12:15:41 +0000 2024"",""0"",""GOTO akhirnya merealisasikan rencana perusahaan untuk melakukan pembelian kembali (share buyback) saham perusahaan di publik https://t.co/ZftvGQ59Q3"",""1810649022186537098"","""","""",""in"",""Jakarta, Indonesia"",""0"",""0"",""0"",""https://x.com/detikfinance/status/1810649022186537098"",""135795460"",""detikfinance"""
"1809271319567220978,""Sat Jul 06 10:17:59 +0000 2024"",""10"",""@YUPIEN_FESS join aiesec aja nder rill km bisa msib ke blibli goto unilever telkom BAHKAN KELUAR NEGERI KERJANYA ih kapan lgi kan? DPTIN SKILL2 KAYA GITU! sp mw iisma jg bisa nih asah skill dulu di sini! CV KM LANGSUNG PASSED KE SEMUA PERUSAHAAN WKWK!"",""1809532236624175262"","""",""YUPIEN_FESS"",""in"",""Yogyakarta, Indonesia"",""0"",""0"",""0"",""https://x.com/duckieconomic/status/1809532236624175262"",""1374991078013607939"",""duckieconomic"""
"1809150929905885573,""Fri Jul 05 09:08:49 +0000 2024"",""0"",""Josefhine Chitra dari GoTo &amp Katrina Inandia dari @amarthaid ikut berbagi sbg pemenang #WEPsAwards lalu. Menurut mereka WEPs Awards jg dpt menjadi kesempatan bagi perusahaan utk berefleksi &amp  mengevaluasi kebijakan perusahaan. Mereka mendorong utk mencoba memulai prosesnya. https://t.co/kOubnpdiKs"",""1809152441444962626"",""https://pbs.twimg.com/media/GRtmSj8awAA_Gr_.jpg"",""unwomenid"",""in"",""Indonesia"",""0"",""1"",""0"",""https://x.com/unwomenid/status/1809152441444962626"",""1178443867332513792"",""unwomenid"""
"1808360966427697388,""Thu Jul 04 08:34:51 +0000 2024"",""0"",""@Sandjay81753760 @heriwidiarso @profesor_saham Perusahaan pendiri goto lah tinggal google kok."",""1808781505252241722"","""",""Sandjay81753760"",""in"",""Jepang"",""0"",""0"",""0"",""https://x.com/PekoeTippy/status/1808781505252241722"",""749098841660485635"",""PekoeTippy"""
"1806278894250778644,""Thu Jun 27 10:50:22 +0000 2024"",""11"",""$GOTO ini perusahaan yang bisa dibilang cukup sukses menjalankan exit strategi dari IPO jumbo jual saham tiktok sampe parkir ke 50 semua dilakukan https://t.co/UkFcDJ0aok"",""1806278894250778644"",""https://pbs.twimg.com/media/GRExFCWagAAc0lV.jpg"","""",""in"","""",""0"",""1"",""2"",""https://x.com/SobatBandar/status/1806278894250778644"",""1409160713252179975"",""SobatBandar"""
"1805579682584445341,""Wed Jun 26 00:20:29 +0000 2024"",""3"",""@rasjawa Sebenarnya secara bisnis ini sah-sah saja Kang karena 75% saham Tokped sudah dimilikin ByteDance (TikTok) yang berpusat di Beijing. GOTO hanya memiliki 25% saham Tokped sehingga sudah bukan lagi pengendali perusahaan. Jadi semua kebijakan memang dikendalikan oleh ByteDance."",""1805757993193193800"","""",""rasjawa"",""in"","""",""0"",""0"",""2"",""https://x.com/citarasalokal/status/1805757993193193800"",""19995064"",""citarasalokal"""
"1805221615191658836,""Mon Jun 24 12:49:07 +0000 2024"",""1"",""️: Crypto Scam apa ini Turun sampe puluhan Persen Mending Beli Goto aja ada Perusahaan nya. ️: Cape-Cape Cari Duit malah Margin Call Bukan nya kaya malah jadi Miskin gara-gara Crypto. ️: Niat main Crypto biar duit berlipat Skrng bingung gimana cara bayar utang Bank. https://t.co/dt5vo2t5Qi"",""1805221615191658836"",""https://pbs.twimg.com/media/GQ1vffkbkAAzYT8.jpg"","""",""in"","""",""1"",""0"",""0"",""https://x.com/timtam_id/status/1805221615191658836"",""1717682620048551936"",""timtam_id"""
"1804502254491177116,""Sun Jun 23 15:30:34 +0000 2024"",""3"",""@stopWTHisthis @leyaraley @anni_imani @Machairii @Niatralalaaa_ @i_m_mortal_ start up kan didesain kayak gitu naikin valuasi perusahaan bakar duit nanti exit liquidity nya lewat IPO saham makanya banyak golder GOTO yang nyangkut kan? orang petingginya udah pada exit jual sahamnya "",""1804899857255293425"","""",""stopWTHisthis"",""in"",""Jakarta Selatan, DKI Jakarta"",""0"",""0"",""0"",""https://x.com/altazaro/status/1804899857255293425"",""1264548270"",""altazaro"""
"1804152824349294899,""Sat Jun 22 03:46:25 +0000 2024"",""0"",""@teh_puer @mutiara1277 @Jelli_cent mending bikin perusahaan lalu meng-IPO kan jual saham dengan modal 1 rupiah mantap kan seperti GOTO"",""1804360267180183790"","""",""teh_puer"",""in"",""masih di sini"",""0"",""0"",""0"",""https://x.com/temeninvest/status/1804360267180183790"",""73060067"",""temeninvest"""
"1803941897557414097,""Fri Jun 21 00:37:56 +0000 2024"",""23"",""@msaid_didu Lebih hebat GOTO dgn satu perusahaan bisa ngeruk segitu banyak udah gitu resmi pula"",""1803950445695766965"","""",""msaid_didu"",""in"","""",""0"",""1"",""2"",""https://x.com/SmokesOnMyHead/status/1803950445695766965"",""1091528229079330816"",""SmokesOnMyHead"""
"1803438311761125526,""Wed Jun 19 14:42:54 +0000 2024"",""0"",""ngebayangin karyawan yg kena layoff dari perusahaan Unicorn seperti GoTo Blibli Bukalapak ngelakuin hal ini. apakah bisa membuat collaps perusahaan ?"",""1803438311761125526"","""","""",""in"",""Bali, Indonesia"",""0"",""2"",""0"",""https://x.com/iksn5412/status/1803438311761125526"",""68667468"",""iksn5412"""
"1803293308904448106,""Wed Jun 19 05:06:43 +0000 2024"",""0"",""Saham perusahaan Indonesia menjadi kurang menarik (harga primadona perusahaan teknologi GOTO menjadi Rp 50). Ke manakah Anda berinvestasi?"",""1803293308904448106"","""","""",""in"",""Jakarta, Indonesia"",""0"",""0"",""0"",""https://x.com/arjunaskykok/status/1803293308904448106"",""753309366"",""arjunaskykok"""
"1803278573924655616,""Wed Jun 19 04:08:10 +0000 2024"",""0"",""PHK di perusahaan GoTo adalah sebagian dari badai PHK yang menerjang Indonesia pasca pandemi COVID-19. Gelombang PHK ini masih berlanjut salah satunya perusahan tekstil besar yang bersiap melakukan PHK karena perusahaan tidak mampu bertahan lagi."",""1803278577888342453"","""",""sofavolta"",""in"",""Indonesia"",""0"",""1"",""0"",""https://x.com/sofavolta/status/1803278577888342453"",""1663759601815396352"",""sofavolta"""
"1803278573924655616,""Wed Jun 19 04:08:09 +0000 2024"",""0"",""Ketika Terkena PHK Apa yang Harus Dilakukan? Sudah dengar kabar tentang PHK (pemutusan hubungan kerja) karyawan perusahaan GoTo kan? Ratusan karyawan perusahaan tersebut terpaksa harus berpisah dengan perusahaan tempat mereka selama ini berkarier. https://t.co/Ja1BSxkkwv"",""1803278573924655616"","""","""",""in"",""Indonesia"",""0"",""2"",""0"",""https://x.com/sofavolta/status/1803278573924655616"",""1663759601815396352"",""sofavolta"""
"1803263550745395571,""Wed Jun 19 03:37:17 +0000 2024"",""7"",""@Saham_fess Serok bang goto abis layoff 70% karyawan nya artinya beban perusahaan untuk gaji karyawan pasti berkurang dan laba bersih harusnya bisa bertambah"",""1803270804479545457"","""",""Saham_fess"",""in"",""Jakarta Capital Region"",""0"",""1"",""0"",""https://x.com/alpanisme/status/1803270804479545457"",""602563944"",""alpanisme"""
"1803062661413843015,""Tue Jun 18 13:50:12 +0000 2024"",""5"",""️: Crypto Scam apa ini Turun sampe puluhan Persen Mending Beli Goto aja ada Perusahaan nya. ️: Cape-Cape Cari Duit malah Margin Call Bukan nya kaya malah jadi Miskin gara-gara Crypto. ️: Niat main Crypto biar duit berlipat Skrng bingung gimana cara bayar utang Bank."",""1803062661413843015"","""","""",""in"","""",""0"",""0"",""0"",""https://x.com/cryptoreddiz/status/1803062661413843015"",""1781869045299720192"",""cryptoreddiz"""
"1802707209165615189,""Mon Jun 17 14:17:46 +0000 2024"",""0"",""Alasan Saya Tidak Pernah Tertarik Terhadap Saham 'GOTO'. Sejak saya membaca prospektus GOTO saat IPO disitu sudah tertera bahwa perusahaan merugi sejak didirikan. Dari situ saya sudah berfikir bahwa GOTO masuk ke bursa hanya untuk exit saja. Lanjut dibawah "",""1802707209165615189"","""","""",""in"",""Pekan Baru, Riau"",""0"",""1"",""0"",""https://x.com/IqbalHanur/status/1802707209165615189"",""1643179691615096833"",""IqbalHanur"""
"1801503807828017643,""Fri Jun 14 16:56:23 +0000 2024"",""0"",""@ardhanfadh Iya infonya valid karena bestie gue salah satu yang kena imbas PHK goto tapi ya bakalan gue masukin ke perusahaan tempat gue kerja sih . Cuman kasian nasib yang lainnya kena PHK"",""1801659965108851189"","""",""ardhanfadh"",""in"",""jakarta "",""0"",""0"",""0"",""https://x.com/black_penyu/status/1801659965108851189"",""490249047"",""black_penyu"""
"1801622751750590588,""Fri Jun 14 14:28:31 +0000 2024"",""2"",""Sempet berpikir GoTo bakal jadi perusahaan yang cukup established tapi ternyata belum"",""1801622751750590588"","""","""",""in"",""Bintaro, Tangsel - Jaksel, ID"",""0"",""0"",""0"",""https://x.com/Aldygprayoga/status/1801622751750590588"",""1019268333235941376"",""Aldygprayoga"""
"1801500017372344827,""Fri Jun 14 06:20:49 +0000 2024"",""1"",""Bukan hanya di GoTo beberapa founder dari startup lainnya juga hengkang dari perusahaan. Ada alasan di balik langkah ini khususnya dalam mencapai profit. https://t.co/Sa0kRA70WO"",""1801500017372344827"","""","""",""in"",""Indonesia"",""0"",""0"",""0"",""https://x.com/TechinAsia_ID/status/1801500017372344827"",""1578524700"",""TechinAsia_ID"""
"1801475232647299365,""Fri Jun 14 05:52:58 +0000 2024"",""0"",""@ezash @Fandiwargreymon Perusahaan perlu segera untung.. Udah kelamaan goto jadi bulan bulanan"",""1801493010393534626"","""",""ezash"",""in"",""Iceland"",""0"",""0"",""0"",""https://x.com/dwiputro89/status/1801493010393534626"",""1027775966142054401"",""dwiputro89"""
"1801474268523597887,""Fri Jun 14 04:38:30 +0000 2024"",""0"",""Perusahaan teknologi digital macam ini terbukti tdk banyak yg bertahan. Saya sempat memegang GOTO @gojekindonesia di 230an.. Hari ini GOTO amblas hingga gocap. #sahamGOTO https://t.co/vicbagKcYz"",""1801474268523597887"",""https://pbs.twimg.com/media/GQAfS8FbEAEOS6t.jpg"","""",""in"","""",""0"",""0"",""0"",""https://x.com/TaryokoL/status/1801474268523597887"",""1604443360885805061"",""TaryokoL"""
"1801172511834640634,""Fri Jun 14 02:00:56 +0000 2024"",""0"",""@achmadzaky Judi online gak kepikiran pengen IPO gitu? Melihat growthnya pasti bakal lebih menarik sih drpd BUKA atau GOTO. Boleh dicoba om @hotradero ditarik dan promosiin ke @IDX_BEI drpd IPO-IPO perusahaan gak jelas yg biki investor rugi yg ini spt nya lebih menjanjikan buat investor."",""1801434617251279010"","""",""achmadzaky"",""in"",""Indonesia"",""0"",""0"",""0"",""https://x.com/sambudi_99/status/1801434617251279010"",""84867378"",""sambudi_99"""
"1801255456121516344,""Thu Jun 13 14:09:01 +0000 2024"",""0"",""Ternyata Begini performa saham GOTO yang memiliki Gojek dan Tokopedia. #SekilasSaham GOTO: 52 (13/6/2024) PT GoTo Gojek Tokopedia Tbk Bisnis: holding perusahaan teknologi dengan beragam bisnis seperti layanan antar sesuai permintaan (Go-Jek) finansial teknologi e-lokapasar https://t.co/1bK97JMZrP"",""1801255456121516344"",""https://pbs.twimg.com/media/GP9RCdzacAAvsa-.jpg"","""",""in"",""Salatiga, Jawa Tengah"",""1"",""0"",""0"",""https://x.com/bolasaljucom/status/1801255456121516344"",""488104694"",""bolasaljucom"""
"1801193044772811155,""Thu Jun 13 10:01:01 +0000 2024"",""0"",""PT GoTo Gojek Tokopedia Tbk memberikan klarifikasi atas kabar terkait PHK sebanyak 70% di PT Tokopedia. PHK tersebut dikabarkan akan dimulai pada bulan ini. Selengkapnya : https://t.co/ZfKlF1dbE7 #tokopedia #goto #phk #gojek #pemutusankerja #saham #keuangan #kerja #perusahaan https://t.co/dgKJsxGlUb"",""1801193044772811155"",""https://pbs.twimg.com/media/GP8fZdqWUAAzqBQ.jpg"","""",""in"",""Indonesia"",""0"",""0"",""0"",""https://x.com/infobanknews/status/1801193044772811155"",""137900895"",""infobanknews"""
"1801148883135054077,""Thu Jun 13 07:05:32 +0000 2024"",""0"",""Pemegang Saham GOTO Setuju! Rencana Buyback Saham Rp3 2 Triliun Siap Dilaksanakan. Apakah Ini Akan Meningkatkan Kinerja Perusahaan? Temukan Jawabannya di sini: https://t.co/hs6TP3blcX https://t.co/K1Zyc6RwqF"",""1801148883135054077"",""https://pbs.twimg.com/media/GP73VlhawAAq_Fq.jpg"","""",""in"","""",""0"",""1"",""0"",""https://x.com/InaNegeriku/status/1801148883135054077"",""1344148768644460544"",""InaNegeriku"""
"1800485812896956606,""Tue Jun 11 11:10:47 +0000 2024"",""0"",""Adanya sentimen negatif nih! jadi ada beberapa faktor yang membuat turunnya GOTO jadi ke 50.... - PHK nya karyawan Tokopedia yang berdampak ke kepercayaan investor - Pengunduran diri para pendiri perusahaan - Penundaan agenda private placement karena ga ada urgensi dalam https://t.co/05rEpj7Knz"",""1800485827551899690"",""https://pbs.twimg.com/tweet_video_thumb/GPycT_yaQAA058C.jpg"",""SekuritasBahana"",""in"",""Jakarta"",""0"",""0"",""0"",""https://x.com/SekuritasBahana/status/1800485827551899690"",""1488712320495009792"",""SekuritasBahana"""
"1800400236114014588,""Tue Jun 11 05:30:40 +0000 2024"",""0"",""GOTO sebuah perusahaan CANGKANG dari permainan para Mafia Trading untuk memperoleh duit instant di bursa dengan memanfaatkan Kekuasaan Jari tidak memiliki pondasi bisnis kecuali menjadi benalu bisnis lain yang sudah eksis yang aneh nya praktek demikian ini legal dinegara ini https://t.co/zh4EU6j5A8"",""1800400236114014588"",""https://pbs.twimg.com/media/GPxOeHDbcAATDnY.jpg"","""",""in"",""Jakarta Pusat"",""0"",""0"",""0"",""https://x.com/Watz1845/status/1800400236114014588"",""1383295518374121475"",""Watz1845"""
"1800293133902914038,""Mon Jun 10 23:07:23 +0000 2024"",""0"",""@VIVAcoid OJK melindungi investor pasar modal ?? ...Knp perusahaan merugi diperbolehkan IPO (GOTO)."",""1800303777955840224"","""",""VIVAcoid"",""in"",""Depok, Jawa Barat"",""0"",""0"",""0"",""https://x.com/triswijaya/status/1800303777955840224"",""158580350"",""triswijaya"""
"1799082927155994702,""Fri Jun 07 14:16:09 +0000 2024"",""1"",""hi aku masih open jasa review proofread cv utk msib batch 7 yaa. aku alumni msib batch 4&amp 5. cv-ku jg tembus bbrp perusahaan besar kaya Nestle Lazada Kompas GoTo Telkom dll. utk fee 5k-25k udh tmsk free konsul &amp  revisi sepuasnya tanpa limit. #zonauang kampus merdeka magang"",""1799082927155994702"","""","""",""in"",""ba"",""1"",""3"",""0"",""https://x.com/zsylsn/status/1799082927155994702"",""1494030883036164096"",""zsylsn"""
"1795245860831605159,""Tue May 28 00:09:01 +0000 2024"",""0"",""Biasanya akan sustain karena managemen keuangannya menuju ke perusahaan mnc. Udah saatnya Goto mencari duit dari kinerjanya si."",""1795245860831605159"","""","""",""in"","""",""0"",""0"",""0"",""https://x.com/Randitamaaa/status/1795245860831605159"",""1162249248697511936"",""Randitamaaa"""
"1795060798097645819,""Mon May 27 11:53:39 +0000 2024"",""1"",""aku masih open jasa review proofread cv utk msib batch 7 yaa. aku alumni msib batch 4&amp 5. cv-ku jg tembus di bbrp perusahaan besar kaya Nestle Lazada Kompas GoTo Telkom dll. utk fee 5k-25k udh tmsk free konsul &amp  revisi sepuasnya tanpa limit. #zonauang kampus merdeka magang"",""1795060798097645819"","""","""",""in"",""ba"",""0"",""1"",""0"",""https://x.com/zsylsn/status/1795060798097645819"",""1494030883036164096"",""zsylsn"""
"1794723634113864093,""Sun May 26 13:33:53 +0000 2024"",""0"",""aku masih open jasa review proofread cv utk msib batch 7 yaa. aku alumni msib batch 4&amp 5. cv-ku jg tembus di bbrp perusahaan besar kaya Nestle Lazada Kompas GoTo Telkom dll. untk fee 5k-25k udh tmsk free konsul &amp  revisi sepuasnya tanpa limit. #zonauang kampus merdeka magang"",""1794723634113864093"","""","""",""in"",""ba"",""0"",""0"",""0"",""https://x.com/zsylsn/status/1794723634113864093"",""1494030883036164096"",""zsylsn"""
"1794693675781673116,""Sun May 26 11:34:50 +0000 2024"",""0"",""aku masih open jasa review proofread cv utk msib batch 7 yaa. aku alumni msib batch 4&amp 5. cv-ku jg tembus di bbrp perusahaan besar kaya Nestle Lazada Kompas GoTo Telkom dll. utk fee 5k-25k udh tmsk free konsul &amp  revisi sepuasnya tanpa limit. #zonauang kampus merdeka magang"",""1794693675781673116"","""","""",""in"",""ba"",""0"",""0"",""0"",""https://x.com/zsylsn/status/1794693675781673116"",""1494030883036164096"",""zsylsn"""
"1794280708078518701,""Sat May 25 08:13:51 +0000 2024"",""0"",""aku masih open jasa review proofread cv utk msib batch 7 yaa. aku alumni msib batch 4&amp 5. cv-ku jg tembus di bbrp perusahaan besar kaya Nestle Lazada Kompas GoTo Telkom dll. utk fee 5k-25k udh tmsk free konsul &amp  revisi sepuasnya tanpa limit. #zonauang kampus merdeka magang"",""1794280708078518701"","""","""",""in"",""ba"",""0"",""0"",""0"",""https://x.com/zsylsn/status/1794280708078518701"",""1494030883036164096"",""zsylsn"""
"1794005984739991791,""Fri May 24 14:02:12 +0000 2024"",""5"",""aku masih open jasa review proofread cv utk msib batch 7 yaa. aku alumni msib batch 4&amp 5. cv-ku jg tembus di bbrp perusahaan besar kaya Nestle Lazada Kompas GoTo Telkom dll. utk fee 5k-25k udh tmsk free konsul &amp  revisi sepuasnya tanpa limit. #zonauang kampus merdeka magang"",""1794005984739991791"","""","""",""in"",""ba"",""1"",""5"",""0"",""https://x.com/zsylsn/status/1794005984739991791"",""1494030883036164096"",""zsylsn"""
"1793525546842006004,""Thu May 23 06:13:07 +0000 2024"",""1"",""aku masih open jasa review proofread cv utk msib batch 7 yaa. aku alumni msib batch 4&amp 5. cv-ku jg tembus di bbrp perusahaan besar kaya Nestle Lazada Kompas GoTo Telkom dll. utk fee 5k-25k udh tmsk free konsul &amp  revisi sepuasnya tanpa limit. #zonauang kampus merdeka magang"",""1793525546842006004"","""","""",""in"",""ba"",""0"",""3"",""0"",""https://x.com/zsylsn/status/1793525546842006004"",""1494030883036164096"",""zsylsn"""
"1793103627844014247,""Wed May 22 02:16:33 +0000 2024"",""1"",""Komisaris GoTo Andre Soelistyo Mundur Ini Perjalanan Perusahaan gabungan Gojek dan Tokopedia https://t.co/8pGm266fOi #TempoBisnis"",""1793103627844014247"","""","""",""in"",""Indonesia"",""0"",""0"",""0"",""https://x.com/tempodotco/status/1793103627844014247"",""18129942"",""tempodotco"""
"1792845767906087285,""Tue May 21 10:24:54 +0000 2024"",""5"",""@papa_loren Mau tau? Info gratis :Nadiem tak pernah tersentuh resuffle sebab doi kolega Luhut dalam bisnis motor listrik yg disubsidi pemerintah lewat merger Goto+perusahaan Luhut. Jokowi gak bakal mecat Nadiem yg ada malah jokowi dipecat Luhut Sekian info gratisnya terima gaji"",""1792864134176120908"","""",""papa_loren"",""in"",""Malang, Jawa Timur"",""0"",""0"",""1"",""https://x.com/yanpanjie/status/1792864134176120908"",""868004863"",""yanpanjie"""
"1792775656943624256,""Tue May 21 06:26:03 +0000 2024"",""0"",""@kompascom Setelah ini apakah akan ada Student Loans seperti di Amerika? Mengingat GoTo punya perusahaan pinjol. Di amerika biaya pendidikan dibuat liberal biaya tinggi kalau mau kuliah harus hutang dengan Student Loans. Dibayar setelah kerja dan lama sekali lunasnya."",""1792804025840328951"","""",""kompascom"",""in"",""Yogyakarta"",""0"",""2"",""0"",""https://x.com/hasnil_afrizal/status/1792804025840328951"",""97005507"",""hasnil_afrizal"""
"1792775656943624256,""Tue May 21 05:50:58 +0000 2024"",""0"",""@kompascom Biar yang tidak kuliah kerja di perusahaan dia GOTO ya? "",""1792795196566217080"","""",""kompascom"",""in"",""Asia"",""0"",""0"",""0"",""https://x.com/Alben_Joe/status/1792795196566217080"",""2400682848"",""Alben_Joe"""
"1792746957435441265,""Tue May 21 02:39:16 +0000 2024"",""0"",""Emiten teknologi GoTo Gojek Tokopedia (GOTO) berencana untuk melakukan pembelian kembali (buyback) saham perusahaan senilai maksimal US$ 200 juta atau Rp 3 2 triliun. https://t.co/AwXJDQrksV"",""1792746957435441265"","""","""",""in"",""Jakarta Capital Region"",""0"",""0"",""2"",""https://x.com/cnbcindonesia/status/1792746957435441265"",""847372542830444544"",""cnbcindonesia"""
"1792695244510900517,""Mon May 20 23:13:47 +0000 2024"",""0"",""rups-nya goto pelit juga kaga ngasih makan minum sama souvernir wkwk ya wajar sih perusahaan minus melulu kaga pernah untung https://t.co/lBEC9Dfbzw"",""1792695244510900517"",""https://pbs.twimg.com/media/GODu0RXbIAAsq5z.jpg"","""",""in"","""",""0"",""0"",""0"",""https://x.com/perovskid/status/1792695244510900517"",""585462983"",""perovskid"""
"1792686293111156791,""Mon May 20 22:38:13 +0000 2024"",""2"",""Co-Founder dan Komisaris GoTo Andre Soelistyo akan mengundurkan diri dari perusahaan dan Bulog proyeksi pemerintah tidak akan menurunkan HET beras jadi berita populer Senin (20/5). #bisnisupdate https://t.co/1mzxhhOeMR"",""1792686293111156791"","""","""",""in"","""",""0"",""0"",""0"",""https://x.com/kumparan/status/1792686293111156791"",""759692754985242625"",""kumparan"""
"1792512986458030569,""Mon May 20 11:09:33 +0000 2024"",""0"",""Komisaris PT GoTo Gojek Tokopedia Tbk (GOTO) Andre Soelistyo akan mengundurkan diri dari dewan komisaris perusahaan. #bisnisupdate #Update #Bisnis #text https://t.co/8RidhZoVsq"",""1792512986458030569"","""","""",""in"","""",""0"",""0"",""0"",""https://x.com/kumparan/status/1792512986458030569"",""759692754985242625"",""kumparan"""
"1791493885765775749,""Fri May 17 15:54:11 +0000 2024"",""5"",""@discountfess Most of perusahaan begini tuh emg diawali dengan rugi nder. Sekelas startup goto aja masih rugi. Shopee tuh untung baru tahun lalu loh setelah sekian tahun bakar duit dan rugi. Jadi jangan heran"",""1791497451888848987"","""",""discountfess"",""in"","""",""0"",""0"",""0"",""https://x.com/maemodeng/status/1791497451888848987"",""1070975068128272384"",""maemodeng"""
"1790678386664264140,""Wed May 15 09:39:31 +0000 2024"",""0"",""Tren Divestasi Melanda Perusahaan Besar Tanah Air Ada Apa? Sejumlah perusahaan ternama di Indonesia seperti GoTo Medco Energi Waskita Karya hingga Telkom tengah gencar melakukan aksi divestasi. Geser kiri untuk detil divestasi perusahaan-perusahaan raksasa berikut ya~ https://t.co/yH1vpCdtEs"",""1790678386664264140"",""https://pbs.twimg.com/media/GNnEgLoWUAAw3CI.jpg"","""",""in"",""Jakarta, Indonesia"",""0"",""0"",""0"",""https://x.com/MiraeAssetID/status/1790678386664264140"",""85521125"",""MiraeAssetID"""
"1788569387596923288,""Thu May 09 13:59:06 +0000 2024"",""3"",""GoTo Gojek Tokopedia (GOTO) resmi menjual 100% saham PT Paket Anak Bangsa (PAB) perusahaan yang populer dengan nama GoSend. https://t.co/xZahzYpzbR #InvestorDaily #investasi #Saham"",""1788569387596923288"","""","""",""in"",""Jakarta, Indonesia"",""0"",""0"",""1"",""https://x.com/InvestorID/status/1788569387596923288"",""238091066"",""InvestorID"""
"1788386865890107423,""Thu May 09 01:53:50 +0000 2024"",""1"",""78% masyarakat megang goto bener2 perusahaan Indonesia ini"",""1788386865890107423"","""","""",""in"",""Jakarta, Indonesia"",""0"",""0"",""0"",""https://x.com/raiaqso_/status/1788386865890107423"",""1131150608839241735"",""raiaqso_"""
"1788088327327146307,""Wed May 08 07:44:16 +0000 2024"",""0"",""@irfnlhkm GoTo Logistics (GTL) adalah salah satu layanan pengiriman yang tersedia di Tokopedia. Di mana GoTo Logistics merupakan suatu perusahaan penyedia jasa logistik berbasis teknologi untuk e-commerce."",""1788112668630610068"","""",""irfnlhkm"",""in"",""dki jakarta"",""0"",""2"",""0"",""https://x.com/lipatanpipi/status/1788112668630610068"",""551748579"",""lipatanpipi"""
"1787431642493259983,""Mon May 06 10:38:07 +0000 2024"",""0"",""Deretan Anak Perusahaan GOTO yang Jarang Diketahui Begini Kegiatan Usahanya https://t.co/eAvuVmGNzt"",""1787431642493259983"","""","""",""in"",""Jakarta Capital Region"",""0"",""0"",""0"",""https://x.com/idx_channel/status/1787431642493259983"",""4755284968"",""idx_channel"""
"1786945046807506970,""Sun May 05 02:24:35 +0000 2024"",""2"",""Lalu bagaimana dampak dari penggabungan antara kedua perusahaan tersebut? jika penasaran langsung saja klik link dibawah ini! https://t.co/uSXSq5zSYZ #Equilibrium #BPPMEquilibrium #PersMahasiswa #Gojek #Tokopedia #GoTo"",""1786945052696256598"","""",""BPPMEQuilibrium"",""in"",""Sleman, DIY, Indonesia"",""0"",""0"",""2"",""https://x.com/BPPMEQuilibrium/status/1786945052696256598"",""65801723"",""BPPMEQuilibrium"""
"1786945046807506970,""Sun May 05 02:24:33 +0000 2024"",""4"",""[Jelajah Pokok #4 - Merger GoTo: Sebenarnya Menguntungkan atau Malah Merugikan?] Halo Kompanyon! GoTo merupakan perusahaan hasil gabungan dari Gojek dan Tokopedia yang berdiri pada 17 Mei 2021. https://t.co/UUXEFhVtzI"",""1786945046807506970"",""https://pbs.twimg.com/media/GMyBBTwb0AATHBB.jpg"","""",""in"",""Sleman, DIY, Indonesia"",""1"",""1"",""3"",""https://x.com/BPPMEQuilibrium/status/1786945046807506970"",""65801723"",""BPPMEQuilibrium"""
"1786594318683439146,""Sat May 04 03:14:28 +0000 2024"",""3"",""Dengan demikian dengan sisa kas yang ada secara perhitungan sederhana runway GoTo dapat dihitung mampu mencukupi perusahaan hingga 27 tahun."",""1786595218722259095"","""",""Strategi_Bisnis"",""in"","""",""0"",""0"",""1"",""https://x.com/Strategi_Bisnis/status/1786595218722259095"",""190535830"",""Strategi_Bisnis"""
"1786594318683439146,""Sat May 04 03:12:10 +0000 2024"",""7"",""Angka ini berhasil dicapai oleh GoTo antara lain karena pendapatan bersih perusahaan yang naik menjadi Rp4 08 triliun pada periode Q1 2024. Naik 22% dibanding tahun lalu yang ada di angka Rp3 33 tirliun."",""1786594640965292348"","""",""Strategi_Bisnis"",""in"","""",""0"",""1"",""2"",""https://x.com/Strategi_Bisnis/status/1786594640965292348"",""190535830"",""Strategi_Bisnis"""
"1786351528632009001,""Fri May 03 11:06:07 +0000 2024"",""0"",""Manajemen GOTO menyatakan tujuan utama buyback adalah agar perusahaan dapat memiliki fleksibilitas dan opsi yang lebih baik dalam mengelola modal. https://t.co/NGKedY7UtK"",""1786351528632009001"","""","""",""in"",""Jakarta, Indonesia"",""0"",""0"",""0"",""https://x.com/detikfinance/status/1786351528632009001"",""135795460"",""detikfinance"""
"1785264833757372548,""Tue Apr 30 16:53:41 +0000 2024"",""6"",""@Anak__Ogi @erickthohir Abis ini PT TLKM kena gara2 investasi bodong di GOTO donk perusahaan rugi bertahun2 harga saham turun terus tp malah disupport pemerintah dan nilainya besar"",""1785351830832308489"","""",""Anak__Ogi"",""in"","""",""0"",""1"",""0"",""https://x.com/agoeng_set/status/1785351830832308489"",""742048481502629889"",""agoeng_set"""
"1785162995506847914,""Tue Apr 30 04:23:19 +0000 2024"",""25"",""Nasib Driver Ojek Online Sederet platform jasa Ojol tercatat telah mencetak keuntungan berlipat. Salah satu contoh GOTO (Gojek-Tokopedia) milik Nadiem Makarim pada 2022 menjadi perusahaan rintisan Indonesia pertama dengan nilai valuasi saham 11 Milliar USD . https://t.co/lWTACbzo5V"",""1785162995506847914"",""https://pbs.twimg.com/media/GMYsRgMbAAAvuZI.jpg"","""",""in"","""",""1"",""8"",""8"",""https://x.com/kokomkomalawat1/status/1785162995506847914"",""1372439982"",""kokomkomalawat1"""
"1785157592618021154,""Tue Apr 30 04:01:51 +0000 2024"",""0"",""Rugi bersih GoTo turun 77 76 persen yoy menjadi Rp861 91 miliar. Ini merupakan angka terendah secara kuartalan sejak perusahaan IPO pada April 2022. https://t.co/CQYDKV8eAj"",""1785157592618021154"","""","""",""in"",""Indonesia"",""0"",""1"",""0"",""https://x.com/TechinAsia_ID/status/1785157592618021154"",""1578524700"",""TechinAsia_ID"""
"1784710811791065274,""Mon Apr 29 04:19:34 +0000 2024"",""19"",""@graccesh @ddeonulogi @ohmybeautybank cmiiw ya ini bahasa bayi. gini cosrx itu diboikot krn ada perusahaan zionist (vanguard) yg invest ke perusahaan mereka (amore pacific). sedangkan ada ribuan perusahaan yg mana vanguard jadi investor jg disitu. termasuk di indo ada 4lfamart dan yg aku baca2 goto jg."",""1784799663369175146"","""",""graccesh"",""in"",""cornelia street"",""6"",""1"",""5"",""https://x.com/nnabiyya/status/1784799663369175146"",""3143060329"",""nnabiyya"""
"1784225709747208666,""Sat Apr 27 14:54:00 +0000 2024"",""0"",""apa iya abis ini gue nyari ff gojo geto ape dah ininya goto? lah nama perusahaan"",""1784234546692784323"","""",""miknoojman"",""in"",""she/her✨"",""0"",""1"",""0"",""https://x.com/miknoojman/status/1784234546692784323"",""788960364897538049"",""miknoojman"""
"1784201364710789589,""Sat Apr 27 12:42:08 +0000 2024"",""0"",""Yg masih hold invest di $GOTO kalian hatinya pasti bukan untuk cuan/laba/dividen. Tapi di hati kalian pasti yakin invest di perusahaan ini adalah tujuannya sangat bermanfaat untuk masyarakat."",""1784201364710789589"","""","""",""in"",""Tangerang, Indonesia"",""0"",""0"",""0"",""https://x.com/iqbhl_26/status/1784201364710789589"",""1651898188448825344"",""iqbhl_26"""
"1783139997941731436,""Wed Apr 24 14:24:39 +0000 2024"",""0"",""BAZNAS @baznasindonesia menerima penyaluran donasi sebesar Rp1 miliar dari GoPay @gopayindonesia yang merupakan bagian dari perusahaan anak bangsa GoTo. Donasi ini berasal dari dana perusahaan yang telah disisihkan oleh GoPay melalui Program Donasi Berbagi Kebaikan. https://t.co/rhOalxwVke"",""1783139997941731436"",""https://pbs.twimg.com/media/GL78FFya4AAVWS6.jpg"","""",""in"",""Bogor, Jawa Barat"",""0"",""0"",""0"",""https://x.com/FahruAchmad/status/1783139997941731436"",""90573194"",""FahruAchmad"""
"1782962181975531979,""Wed Apr 24 02:38:07 +0000 2024"",""0"",""3. 6 bulan terakhir Saham GOTO pernah lowest di 56 dan highest di 110 jadi kl bisa balik lagi ke anggep ke 90 aja potential gain 50% dgn potential loss 10%. Jarang ada saham perusahaan GCG dan Bisnis bagus yg potential lossnya rendah."",""1782962193157566833"","""",""tigerleo90"",""in"",""Jakarta Capital Region, Indone"",""0"",""1"",""0"",""https://x.com/tigerleo90/status/1782962193157566833"",""35982860"",""tigerleo90"""
"1771469041296654410,""Sat Mar 23 19:59:13 +0000 2024"",""0"",""@Suryana_vas @Vrijeman_GJK @reese_one GoTo Logistics (GTL) adalah salah satu layanan pengiriman yang tersedia di Tokopedia. Di mana GoTo Logistics merupakan suatu perusahaan penyedia jasa logistik berbasis teknologi untuk e-commerce"",""1771627785087242695"","""",""Suryana_vas"",""in"","""",""0"",""0"",""0"",""https://x.com/biruC2903/status/1771627785087242695"",""1691555043970002944"",""biruC2903"""
"1771487008533397626,""Sat Mar 23 17:24:07 +0000 2024"",""0"",""@Saham_fess Itu berita Gojek bukan GoTo keseluruhan. $GOTO sendiri kondisi net income-nya gini 3th terakhir () artinya minus atau merugi. Yakin mau invest di perusahaan kayak gini? Analisis &amp  putuskan sendiri ya https://t.co/xXtqStERvf"",""1771588752437043233"",""https://pbs.twimg.com/media/GJXyktZbgAA54fI.jpg"",""Saham_fess"",""in"",""Ijen Carter"",""0"",""0"",""0"",""https://x.com/kanigarakai/status/1771588752437043233"",""177888607"",""kanigarakai"""
"1771120058841944289,""Fri Mar 22 18:30:18 +0000 2024"",""0"",""@CNNIndonesia Dapet THR dari siapa? GOTO rugi boss. Perusahaan rugi mau ngasih THR gimana caranya?"",""1771243018160320602"","""",""CNNIndonesia"",""in"","""",""0"",""0"",""0"",""https://x.com/bagjakertajaya/status/1771243018160320602"",""1205629683699605504"",""bagjakertajaya"""
"1771118743307096161,""Fri Mar 22 11:46:11 +0000 2024"",""4"",""@Saham_fess keknya mending wns semua sih pertama btc gua gak begitu paham kalopun gua mau koleksi ya pake duit kecil. goto meskipun gua gak jago tapi gua tau ini perusahaan belum worth it buat entry"",""1771141319391338688"","""",""Saham_fess"",""in"","""",""0"",""0"",""0"",""https://x.com/xmrvel/status/1771141319391338688"",""1100786603406983168"",""xmrvel"""
"1771118743307096161,""Fri Mar 22 11:39:40 +0000 2024"",""0"",""@Saham_fess Pilih bitcoin. Perusahaan goto bisa bangkrut atau delisting. Tapi bitcoin jaringannya hampir mustahil mati soalnya minernya ada di hampir semua negara."",""1771139680408629604"","""",""Saham_fess"",""in"","""",""0"",""0"",""0"",""https://x.com/mindplater/status/1771139680408629604"",""94739530"",""mindplater"""
"1771129057109020680,""Fri Mar 22 10:57:27 +0000 2024"",""0"",""ku tetap menganggap crypto bukan aset invest.. masih tidak masuk di logic aing walau untuk jangka pendek okelah tapi kalo suruh milih BTC ato GOTO ya.. BTC anying GOTO bener ada wujudnya tapi apa yang kamu harapkan dari perusahaan minus 90T"",""1771129057109020680"","""","""",""in"",""Jakarta Capital Region"",""0"",""0"",""0"",""https://x.com/wiponk/status/1771129057109020680"",""259205119"",""wiponk"""
"1770702446601593131,""Thu Mar 21 06:57:37 +0000 2024"",""1"",""@Saham_fess ya memang begitu money market klo mau di bilang ya ponzi 95% goto yg nilai sahamnya mau gocap bahkan jika nilainya di bawah itu apkah perusahaannya tumbang? gak bro tetep brjlan harga saham jgn di samain dengan performa perusahaan itu hanya ilusi yg d ciptkan boomers"",""1770706312852390071"","""",""Saham_fess"",""in"",""Tanah Abang, Indonesia"",""0"",""0"",""0"",""https://x.com/CryptMiliarder/status/1770706312852390071"",""1373253614517452801"",""CryptMiliarder"""
"1770382929077940355,""Thu Mar 21 04:26:03 +0000 2024"",""0"",""@xmrvel @Saham_fess Bbca perusahaan yang sudah pasti profil karena termasuk saham yg kuat fundamentalnya dan termasuk saham kapal induk harga Saham naiknya lambat kisaran 10% pertahun. Kalau Goto Saham perusahaan rugi terus fundamentalnya jelek harga sahamnya mahal. Dan digerakkan bandar"",""1770668168375332961"","""",""xmrvel"",""in"",""DKI Jakarta, Indonesia"",""0"",""1"",""0"",""https://x.com/CiungWanara__/status/1770668168375332961"",""1528857503261675520"",""CiungWanara__"""
"1770425524239950024,""Wed Mar 20 12:21:52 +0000 2024"",""0"",""Full of respect. Saingannya Goto anak perusahaan telkom sama Shipping. Kulo mung bismillaah mawon. Semoga rezeki dan didekatkan dengan keberkahan "",""1770425524239950024"","""","""",""in"",""Indonesia"",""0"",""1"",""0"",""https://x.com/ErrThrowExcept/status/1770425524239950024"",""953615262518947842"",""ErrThrowExcept"""
"1770364639064506432,""Wed Mar 20 10:10:41 +0000 2024"",""0"",""@cimengimnida Insensitive gimana? Gue cuma bilang fakta kalo purchasing power masyarakat indonesia emang rendah. Alasannya bisa krn gaji yg kecil bgt. Dampaknya di commerce itu orang kalo jualan bener2 harus press budget bgt. Termasuk perusahaan gede macam GOTO. Pahami konteksnya."",""1770392511208722467"","""",""cimengimnida"",""in"","""",""0"",""0"",""0"",""https://x.com/rjeet_ja/status/1770392511208722467"",""1348935814319800320"",""rjeet_ja"""
"1770382929077940355,""Wed Mar 20 10:06:31 +0000 2024"",""2"",""@Saham_fess Pantesan lo nyungsep di goto ya Coba bedakan harga saham dan nilai (value) perusahaan"",""1770391460258709672"","""",""Saham_fess"",""in"",""Jakarta"",""0"",""0"",""0"",""https://x.com/txtdrkml/status/1770391460258709672"",""60096400"",""txtdrkml"""
"1770374629724508538,""Wed Mar 20 08:59:38 +0000 2024"",""0"",""Goto Pangkas Kerugian 66% Jadi Rp 10.3 T pada 2023! Langkah ambisius dari perusahaan yang bikin kita bertanya-tanya apa rahasianya? Penasaran gimana strateginya? Yuk simak detailnya di sini! #trenasia https://t.co/1FV0ivOuQg"",""1770374629724508538"","""","""",""in"",""Jakarta"",""0"",""0"",""0"",""https://x.com/trenasiadotcom/status/1770374629724508538"",""1675698038625673219"",""trenasiadotcom"""
"1770369176471032081,""Wed Mar 20 08:37:58 +0000 2024"",""0"",""Secara bisnis PT GoTo Gojek Tokopedia Tbk (GOTO) menunjukkan performa yang semakin baik sepanjang tahun 2023 yang terlihat dari pendapatan yang naik signifikan. Meski demikian laba perusahaan teknologi ini masih menggunung. Selengkapnya https://t.co/gwz6V5oFPp"",""1770369176471032081"","""","""",""in"",""Jakarta"",""0"",""0"",""0"",""https://x.com/theiconomic/status/1770369176471032081"",""1169861863426818048"",""theiconomic"""
"1770362294301794561,""Wed Mar 20 08:10:37 +0000 2024"",""0"",""GOTO. Rugi 90T sepanjang 2023. Tau alasannya apa? Goodwill acquisition amount yg sangat besar dan tidak pernah ada impairment. Singkatnya aset perusahaan ini cuman mgaku-ngaku doang. Perlahan juga keliatan real valuenya berapa. https://t.co/VqzvN76jQ5"",""1770362294301794561"",""https://pbs.twimg.com/media/GJGXH71aoAAXnBr.jpg"","""",""in"","""",""0"",""0"",""0"",""https://x.com/GarryKuswandi/status/1770362294301794561"",""421124758"",""GarryKuswandi"""
"1770269443291238832,""Wed Mar 20 03:31:06 +0000 2024"",""5"",""Adjusted EBITDA membaik rugi dan biaya operasional menurun dan one-time goodwill impact yang dianggap sebagai house-cleaning di sisi neraca perusahaan gimana menurut temen-temen kinerja GoTo di 2023?"",""1770291953156137092"","""",""BigAlphaID"",""in"",""Jakarta Capital Region"",""0"",""1"",""0"",""https://x.com/BigAlphaID/status/1770291953156137092"",""958566590768926721"",""BigAlphaID"""
"1770269443291238832,""Wed Mar 20 03:23:54 +0000 2024"",""4"",""Dengan posisi kas GOTO yang makin solid GOTO sendiri akhirnya PD untuk buyback saham nya mereka maksimal senilai $200 juta (sekitar Rp3 T) tentunya tergantung persetujuan investor di RUPS. Hal ini tentunya jadi sinyal kepercayaan akan kinerja perusahaan di masa depan"",""1770290140629586298"","""",""BigAlphaID"",""in"",""Jakarta Capital Region"",""0"",""1"",""1"",""https://x.com/BigAlphaID/status/1770290140629586298"",""958566590768926721"",""BigAlphaID"""
"1770277569935421836,""Wed Mar 20 02:33:57 +0000 2024"",""0"",""kalo ada perusahaan ruginya 10T setahun (walaupun turun dari tahun sebelumnya) asset pasti akan diliat. biar kalo bankrut masih ada yang dibagi2. nah nilai asset goto terbukti ajaib."",""1770277569935421836"","""","""",""in"",""Jakarta Capital Region, Indone"",""0"",""0"",""0"",""https://x.com/tototjung/status/1770277569935421836"",""40477354"",""tototjung"""
"1766554852220420238,""Sat Mar 09 20:01:12 +0000 2024"",""0"",""Saham GOTO melemah 21 25% dari 27 Feb hingga 5 Mar. Pada 6 Mar naik 17 46% lalu turun -5 41% ke Rp 70 pada 7 Mar. BEI meminta penjelasan terkait hal ini dan aktivitas pemegang saham. Sekretaris Perusahaan menyatakan bahwa semua informasi material telah disampaikan."",""1766554852220420238"","""","""",""in"",""Indonesia"",""0"",""1"",""0"",""https://x.com/RumahBisnis_ID/status/1766554852220420238"",""1695106299531255808"",""RumahBisnis_ID"""
"1765562654033379664,""Thu Mar 07 02:18:33 +0000 2024"",""1"",""@TokopediaCare halo min.. Sudah seminggu pembayaran via Gopay / Gopay Coin nya tdk bs digunakan nih. Sudah mau ditiadakan ya? Masa perusahaan namanya GoTo tp layanan pembayaran emoney nya sendiri bermslh seminggu jg ga kelar2 "",""1765562654033379664"","""",""TokopediaCare"",""in"",""Denpasar"",""0"",""2"",""0"",""https://x.com/Gustaurus/status/1765562654033379664"",""80516175"",""Gustaurus"""
"1765331250619785259,""Wed Mar 06 15:49:00 +0000 2024"",""0"",""@morensya_ perusahaan tech yang amazing. sistem distribusinya GOTO sampe mempunyai impact ke saham ikutan terdistribusi.."",""1765404220784783716"","""",""bugpainn"",""in"",""Tokyo-to, Japan"",""0"",""1"",""0"",""https://x.com/imcimon/status/1765404220784783716"",""1698349789015117824"",""imcimon"""
"1764861803027406990,""Tue Mar 05 03:53:39 +0000 2024"",""0"",""Contoh Perusahaan Merger: &gt  BSI Bank Syariah Mandiri BNI Syariah dan BRI Syariah &gt  GoTo Gojek &amp Tokopedia &gt  Indosat Ooredoo Hutchison Indosat &amp Tri"",""1764861810547814774"","""",""rumahumkmcoid"",""in"",""Jakarta Timur, DKI Jakarta"",""0"",""0"",""0"",""https://x.com/rumahumkmcoid/status/1764861810547814774"",""1669224939470340097"",""rumahumkmcoid"""
"1764823549003415724,""Tue Mar 05 01:21:37 +0000 2024"",""0"",""Rumor merger Grab dan GoTo sudah lama beredar. Meski terdengar menarik tapi pada kenyataannya kedua perusahaan ini sangat sulit untuk bersatu. https://t.co/U3Wn3fNNcw"",""1764823549003415724"","""","""",""in"",""Indonesia"",""0"",""0"",""0"",""https://x.com/TechinAsia_ID/status/1764823549003415724"",""1578524700"",""TechinAsia_ID"""
"1762807633256595938,""Wed Feb 28 11:51:05 +0000 2024"",""0"",""Midtrans Invoicing dari GoTo Financial dapat membantu mempercepat proses penagihan invoice ke pelanggan. Sehingga operasional perusahaan menjadi lebih efisien. https://t.co/VND0wGtTWK"",""1762807633256595938"","""","""",""in"","""",""0"",""0"",""1"",""https://x.com/kumparan/status/1762807633256595938"",""759692754985242625"",""kumparan"""
"1762731246139175212,""Wed Feb 28 06:47:33 +0000 2024"",""0"",""PT GoTo Gojek Tokopedia Tbk (GOTO) kembali tegaskan isu merger dengan Grab adalah tidak benar. Perusahaan meyakini memiliki fundamental dan posisi keuangan yang semakin kuat. #bisnisupdate #update https://t.co/43ic63MrwH"",""1762731246139175212"","""","""",""in"","""",""0"",""0"",""0"",""https://x.com/kumparan/status/1762731246139175212"",""759692754985242625"",""kumparan"""
"1762703739343819051,""Wed Feb 28 04:58:15 +0000 2024"",""1"",""GoTo juga mengungkap kerugian dari hilangnya kendali atas Tokopedia mencapai Rp80 3 triliun. Kerugian tersebut disebabkan oleh penghentian pengakuan goodwill sebesar Rp76 6 triliun yang adalah beban non-kas dan non-operasional perusahaan. https://t.co/3KXzHARZt1"",""1762703739343819051"","""","""",""in"",""Indonesia"",""0"",""0"",""0"",""https://x.com/dailysocial/status/1762703739343819051"",""23046757"",""dailysocial"""
"1760528601882173889,""Thu Feb 22 04:57:04 +0000 2024"",""1"",""@worksfess perusahaan akuisisi ya? not really recommend it sih tbh. kamu liat aja itu GOTO yang udah level unicorn aja juga masih belum menjamin employeenya buat ngga kena layoff kan. dan perusahaan akuisisi itu internalnya akan lebih ribet juga karena decision makernya ada 2 kendali."",""1760529112706552022"","""",""worksfess"",""in"",""Greater Surabaya"",""0"",""0"",""0"",""https://x.com/incrediblelsa/status/1760529112706552022"",""579112338"",""incrediblelsa"""
"1759579481537126487,""Mon Feb 19 14:03:34 +0000 2024"",""0"",""GoTo dikabarkan akan merger dengan Grab. Hal ini diduga untuk memangkas biaya promo seperti cashback dll. Apabila merger terjadi maka dua perusahaan ini dapat memonopoli pasar ojek online di Indonesia karena dua perusahaan inilah yang saat ini menguasai pasar di Indonesia."",""1759579481537126487"","""","""",""in"",""Indonesia"",""0"",""1"",""0"",""https://x.com/RumahBisnis_ID/status/1759579481537126487"",""1695106299531255808"",""RumahBisnis_ID"""
"1758350919954231580,""Fri Feb 16 17:44:03 +0000 2024"",""0"",""@atlina11 yaiya kan perusahaan gede goto mah"",""1758547804967035235"","""",""atlina11"",""in"","""",""0"",""0"",""0"",""https://x.com/elzatheon/status/1758547804967035235"",""1001190882215841792"",""elzatheon"""
"1757958811997086056,""Thu Feb 15 02:43:36 +0000 2024"",""0"",""Selanjutnya Grab dan GoTo dikabarkan membantah isu merger perusahaan dan lagi mendiskusikannya dengan Grab Holdings. #MorningVoice"",""1757958811997086056"","""","""",""in"",""Jakarta"",""0"",""0"",""0"",""https://x.com/BVOICE_RADIO/status/1757958811997086056"",""74664107"",""BVOICE_RADIO"""
"1753304861524082700,""Sat Feb 03 02:26:29 +0000 2024"",""1"",""@investorgabut GOTO udah kaya perusahaan bensin tiap tahun laporannya rugi mulu. Padahal ga pernah liat tuh orang beli bensin ngutang"",""1753605850340663714"","""",""investorgabut"",""in"","""",""0"",""0"",""0"",""https://x.com/BreeeeeLL/status/1753605850340663714"",""1394581631894126592"",""BreeeeeLL"""
"1753304861524082700,""Sat Feb 03 02:02:49 +0000 2024"",""0"",""@ALvinSoehendry @jankerzone @investorgabut Kenyataannya banyak orang IT yang kerja di perusahaan lain yang gajinya jauh lebih kecil dari GoTo."",""1753599893304959335"","""",""ALvinSoehendry"",""in"",""Jakarta"",""0"",""1"",""0"",""https://x.com/kayceonkay/status/1753599893304959335"",""1653638202023084032"",""kayceonkay"""
"1753304861524082700,""Sat Feb 03 00:50:44 +0000 2024"",""1"",""@investorgabut setelah pelepasan tokped dati gojek goto gak ada rencana ganti nama gituh kali aja dengan ganti nama bisa bikin perusahaan makin sehat istilah orang tua buang SIAL "",""1753581750826283267"","""",""investorgabut"",""in"",""대한민국"",""0"",""1"",""0"",""https://x.com/buruhIHSG/status/1753581750826283267"",""1501933023243411463"",""buruhIHSG"""
"1753304861524082700,""Fri Feb 02 10:48:48 +0000 2024"",""0"",""@cakpras @ultrainsthink @investorgabut Ku pikir tuh ini goto emang punya perusahaan saham goto"",""1753369872137093222"","""",""cakpras"",""in"",""Oregon, USA"",""0"",""0"",""0"",""https://x.com/zarinelijah/status/1753369872137093222"",""1344241254062649346"",""zarinelijah"""
"1753304861524082700,""Fri Feb 02 06:30:28 +0000 2024"",""6134"",""GOTO menderita rugi Rp80 triliun dr transaksi pelepasan Tokopedia ke TikTok yg stelah dtambah rugi operasional maka GOTO mnderita rugi total 88T di sepanjang tahun 2023. FYI itu adalah rekor rugi trbesar yg pernah dicatat oleh perusahaan Tbk di Indonesia. Demikian sekilas info."",""1753304861524082700"","""","""",""in"","""",""233"",""205"",""1442"",""https://x.com/investorgabut/status/1753304861524082700"",""185523454"",""investorgabut"""
"1753238463095415148,""Fri Feb 02 02:06:37 +0000 2024"",""1"",""Buat kalian yang masih bingung kenapa cv-ny blm tembus screening stage mungkin karena cv kalian belum standout Aku kebetulan open jasa bikin cv + review cv &amp  ini langsung dimentoring sama aku. Btw aku adalah alumni msib dan skrg jadi full time di perusahaan GoTo! #zonauang"",""1753238463095415148"","""","""",""in"",""DKI Jakarta, Indonesia"",""0"",""0"",""0"",""https://x.com/mentoringcv/status/1753238463095415148"",""1658154716961071104"",""mentoringcv"""
"1752890788558897578,""Thu Feb 01 03:05:05 +0000 2024"",""137"",""Update kerja sama GOTO &amp  Tiktok ‼️ 1. Perusahaan umumkan bahwa para pihak telah menyelesaikan transaksi pada 31 Januari 2024 2. GOTO telah berhasil mencapai adjusted EBITDA positif pada 4Q23 melampaui target perusahaan 3. Rencana 'Buyback' Saham https://t.co/VwyjToQ5QH"",""1752890788558897578"",""https://pbs.twimg.com/media/GFOC6DFa4AA8zeL.png"","""",""in"",""Jakarta"",""10"",""12"",""49"",""https://x.com/Stockbit/status/1752890788558897578"",""587189716"",""Stockbit"""
"1752883878384345428,""Thu Feb 01 02:37:42 +0000 2024"",""0"",""Top News 5: PT GoTo Gojek Tokopedia Tbk (GOTO) mengumumkan TikTok resmi menyelesaikan transaksi investasinya di Tokopedia Rp34 triliun. Hal ini setelah perusahaan mencapai kesepakatan pada 11 Desember 2023 lalu. Baca selengkapnya: https://t.co/twq87vl0b0 #TikTok"",""1752883895912317412"","""",""KATADATAcoid"",""in"",""Jakarta"",""0"",""0"",""0"",""https://x.com/KATADATAcoid/status/1752883895912317412"",""552523769"",""KATADATAcoid"""
"1752341904178761797,""Tue Jan 30 16:28:20 +0000 2024"",""1"",""@Chat_maya00 @ojkindonesia Yoi Ah cape gw sebut nama aja dah ya Garibaldi Thohir itu koncoan sama Patrick Walujo di GOTO PW itu punya perusahaan investasi yg bnyk portofolionya di perusahaan pinjol GT itu sodaranya ET ET koncoan sama Sandiaga ET menteri BUMN ga mngkin kan kepentingan brsma dirusak "",""1752368155606028751"","""",""mrtweepsID"",""in"","""",""0"",""1"",""0"",""https://x.com/cattheseekers/status/1752368155606028751"",""1577650886108594182"",""cattheseekers"""
"1752270919480070445,""Tue Jan 30 10:01:57 +0000 2024"",""0"",""Buat kalian yang masih bingung kenapa cv-ny blm tembus screening stage mungkin karena cv kalian belum standout. Aku kebetulan open jasa bikin cv + review cv &amp  ini lgs dimentoring sama aku Btw aku adalah alumni msib dan skrg jadi full time di perusahaan GoTo! #zonauang"",""1752270919480070445"","""","""",""in"",""DKI Jakarta, Indonesia"",""0"",""0"",""0"",""https://x.com/mentoringcv/status/1752270919480070445"",""1658154716961071104"",""mentoringcv"""
"1751933586381684984,""Tue Jan 30 03:28:54 +0000 2024"",""0"",""@ariefnurhar @masbintangnih Waduh jangan deh kasihan perusahaan Goto nanti juga malah ongkos ojeknya tambah mahal. Lagi pula mereka kan mitra buka karyawan."",""1752172007276601551"","""",""ariefnurhar"",""in"",""Arkham Asylum, Ghotam City"",""0"",""1"",""0"",""https://x.com/eko_stayalive/status/1752172007276601551"",""1714632828686671872"",""eko_stayalive"""
"1751882262403272863,""Mon Jan 29 13:51:38 +0000 2024"",""0"",""@Saham_fess Secara teknikal goto oke pbv &lt  1 n p/e minus (murah tapi perusahaan lagi rugi) cari bisnis yg bertumbuh dengan harga saham yg menurun n fundamental masih murah karena ini kesempatan. Btw dengan cara ini aku dulu untung banyak di itmg n inco krn pandemi + hilirisasi = cuan :)"",""1751966335104655718"","""",""Wimar_putra29"",""in"",""Di hatimu"",""0"",""0"",""0"",""https://x.com/Wimar_putra29/status/1751966335104655718"",""1280161846675136512"",""Wimar_putra29"""
"1751860445261205768,""Mon Jan 29 09:05:55 +0000 2024"",""0"",""@ahmadzulk22 @margianta Kalau konteksnya GOTO itu sudah perusahaan go publik. Pemerintah tidak bisa serta ambil alih mas harus pake mekanisme privatisasi atau beli sahamnya."",""1751894429777182878"","""",""ahmadzulk22"",""in"",""Yogyakarta, Indonesia"",""0"",""1"",""0"",""https://x.com/siberuangjawa/status/1751894429777182878"",""936166053406633984"",""siberuangjawa"""
"1750835503107035555,""Mon Jan 29 07:41:54 +0000 2024"",""0"",""@detikinet kayaknya pemerintah lagi cari duit ya abis buat politik kali? wkwk apakah nanti kayak case tiktok shop yang beli sahamnya goto? kalo buat game inter ada ga si perusahaan game lokal yg udah ber saham buat dibeli?"",""1751873288962556389"","""",""detikinet"",""in"","""",""0"",""0"",""0"",""https://x.com/scaranekko/status/1751873288962556389"",""389300239"",""scaranekko"""
"1751795742400979128,""Mon Jan 29 02:33:46 +0000 2024"",""0"",""Buat kalian yang masih bingung kenapa cv-ny blm tembus screening stage mungkin karena cv kalian belum standout Aku kebetulan open jasa bikin cv + review cv &amp  ini lgs dimentoring sama ak. Btw aku adalah alumni msib dan skrg jadi full time di perusahaan GoTo! #zonauang"",""1751795742400979128"","""","""",""in"",""DKI Jakarta, Indonesia"",""0"",""0"",""0"",""https://x.com/mentoringcv/status/1751795742400979128"",""1658154716961071104"",""mentoringcv"""
"1751631488091877547,""Sun Jan 28 15:41:05 +0000 2024"",""0"",""#StockMarket #IDX 🇮🇩 #GOTO - PT GoTo Gojek Tokopedia Tbk - Adalah perusahaan yang memiliki Unappropriated Retained Earnings terburuk di Bursa saat ini defisit -125 639.67 Milyar IDR berdasarkan data LK Q2 2023. Perusahaan tidak membagikan Dividen karena Net Income Negatif. https://t.co/HMmbtuwSL3"",""1751631488091877547"",""https://pbs.twimg.com/media/GE8LIcubMAAmB_-.jpg"","""",""in"",""Planet Earth"",""0"",""1"",""0"",""https://x.com/roelsmajor/status/1751631488091877547"",""37617749"",""roelsmajor"""
"1751202663054839978,""Sat Jan 27 11:17:05 +0000 2024"",""2"",""Buat kalian yang masih bingung kenapa cv-ny blm tembus screening stage mungkin karena cv kalian belum standout y Aku kebetulan open jasa bikin cv + review cv &amp  ini langsung dimentoring sama aku. Btw aku adalah alumni msib dan skrg jadi full time di perusahaan GoTo! #zonauang"",""1751202663054839978"","""","""",""in"",""DKI Jakarta, Indonesia"",""0"",""0"",""0"",""https://x.com/mentoringcv/status/1751202663054839978"",""1658154716961071104"",""mentoringcv"""
"1751194662197711002,""Sat Jan 27 10:45:17 +0000 2024"",""1"",""Buat kalian yang masih bingung kenapa cv-ny blm tembus screening stage mungkin karena cv kalian belum standout. Aku kebetulan open jasa bikin cv + review cv &amp  ini lgs dimentoring sama aku Btw aku adalah alumni msib dan skrg jadi full time di perusahaan GoTo! #zonauang"",""1751194662197711002"","""","""",""in"",""DKI Jakarta, Indonesia"",""0"",""0"",""0"",""https://x.com/mentoringcv/status/1751194662197711002"",""1658154716961071104"",""mentoringcv"""
"1751194567607779341,""Sat Jan 27 10:44:55 +0000 2024"",""0"",""Buat kalian yang masih bingung kenapa cv-ny blm tembus screening stage mungkin karena cv kalian belum standout Aku kebetulan open jasa bikin cv + review cv &amp  ini lgs dimentoring sama aku Btw aku adalah alumni msib dan skrg jadi full time di perusahaan GoTo! #zonauang"",""1751194567607779341"","""","""",""in"",""DKI Jakarta, Indonesia"",""0"",""0"",""0"",""https://x.com/mentoringcv/status/1751194567607779341"",""1658154716961071104"",""mentoringcv"""
"1751094884755534311,""Sat Jan 27 04:08:48 +0000 2024"",""0"",""Buat kalian yang masih bingung kenapa cv-ny blm tembus screening stage mungkin karena cv kalian belum standout Aku kebetulan open jasa bikin cv + review cv &amp  ini lgs dimentoring sama ak. Btw aku adalah alumni msib dan skrg jadi full time di perusahaan GoTo! #zonauang"",""1751094884755534311"","""","""",""in"",""DKI Jakarta, Indonesia"",""0"",""0"",""0"",""https://x.com/mentoringcv/status/1751094884755534311"",""1658154716961071104"",""mentoringcv"""
"1750778498053197831,""Fri Jan 26 07:11:36 +0000 2024"",""1"",""Buat kalian yang masih bingung kenapa cv-ny blm tembus screening stage mungkin karena cv kln belum standout. Aku kebetulan open jasa bikin cv + review cv &amp  ini lgs dimentoring sama aku ya Btw aku adalah alumni msib dan skrg jadi full time di perusahaan GoTo! #zonauang"",""1750778498053197831"","""","""",""in"",""DKI Jakarta, Indonesia"",""0"",""0"",""0"",""https://x.com/mentoringcv/status/1750778498053197831"",""1658154716961071104"",""mentoringcv"""
"1750761370931622010,""Fri Jan 26 06:03:33 +0000 2024"",""0"",""Buat kalian yang masih bingung kenapa cv-ny blm tembus screening stage mungkin karena cv kalian belum standout Aku kebetulan open jasa bikin cv + review cv &amp  ini lgs dimentoring sama ak. Btw aku adalah alumni msib dan skrg jadi full time di perusahaan GoTo! #zonauang"",""1750761370931622010"","""","""",""in"",""DKI Jakarta, Indonesia"",""0"",""0"",""0"",""https://x.com/mentoringcv/status/1750761370931622010"",""1658154716961071104"",""mentoringcv"""
"1750713366048591975,""Fri Jan 26 02:52:49 +0000 2024"",""1"",""Top News 3: Direktur Utama GOTO Patrick Walujo memberikan sinyal jika perusahaan akan meraih profitabilitas pada kinerja keuangan kuartal empat 2023. Baca selengkapnya: Patrick Walujo Beri Sinyal GOTO Mulai Raih Profitabilitas di Q4 2023 https://t.co/IbjJMObaCQ #GOTO"",""1750713374214893573"","""",""KATADATAcoid"",""in"",""Jakarta"",""0"",""1"",""0"",""https://x.com/KATADATAcoid/status/1750713374214893573"",""552523769"",""KATADATAcoid"""
"1750657078711247062,""Thu Jan 25 23:09:07 +0000 2024"",""0"",""Direktur Utama dan Chief Executive Officer (CEO) GOTO Patrick Walujo mengungkapkan kondisi terkini finansial perusahaan. https://t.co/QXqGp6NKTx #InvestorDaily #Keuangan #Investasi"",""1750657078711247062"","""","""",""in"",""Jakarta, Indonesia"",""0"",""0"",""0"",""https://x.com/InvestorID/status/1750657078711247062"",""238091066"",""InvestorID"""
"1748568675790254167,""Sat Jan 20 04:50:33 +0000 2024"",""0"",""Buat kalian yang masih bingung kenapa cv-ny blm tembus screening stage mungkin karena cv kalian belum standout Aku kebetulan open jasa bikin cv + review cv &amp  ini langsung dimentoring sama aku. Btw aku adalah alumni msib dan skrg jadi full time di perusahaan GoTo! #zonauang"",""1748568675790254167"","""","""",""in"",""DKI Jakarta, Indonesia"",""0"",""0"",""0"",""https://x.com/mentoringcv/status/1748568675790254167"",""1658154716961071104"",""mentoringcv"""
"1748551242610323838,""Sat Jan 20 04:32:15 +0000 2024"",""0"",""@erensyq GOTO itu... Gojek Tokopedia TBK (perusahaan) "",""1748564068745797811"","""",""erensyq"",""in"",""25+ HEAVY 🔞 NSFW ( ◜‿◝ )"",""0"",""1"",""0"",""https://x.com/ciumsuguru/status/1748564068745797811"",""277994587"",""ciumsuguru"""
"1748540009408319818,""Sat Jan 20 02:56:39 +0000 2024"",""0"",""ya ampuuuun si ertho sampai perusahaan kakaknya GOTO di geret2 buat kampanye!! btw kakek tetep loh kesel dengan nilai 11 berarti bener kali ya"",""1748540009408319818"","""","""",""in"",""Jakarta Capital Region, Indone"",""0"",""0"",""0"",""https://x.com/ichalaz/status/1748540009408319818"",""59677074"",""ichalaz"""
"1748402714206470157,""Fri Jan 19 17:51:05 +0000 2024"",""0"",""Buat kalian yang masih bingung kenapa cv-ny blm tembus screening stage mungkin karena cv kalian belum standout y Aku kebetulan open jasa bikin cv + review cv &amp  ini langsung dimentoring sama akuu Btw aku adalah alumni msib dan skrg jadi full time di perusahaan GoTo! #zonauang"",""1748402714206470157"","""","""",""in"",""DKI Jakarta, Indonesia"",""0"",""0"",""0"",""https://x.com/mentoringcv/status/1748402714206470157"",""1658154716961071104"",""mentoringcv"""
"1748401935210971438,""Fri Jan 19 17:47:59 +0000 2024"",""0"",""Buat kalian yang masih bingung kenapa cv-ny blm tembus screening stage mungkin karena cv kalian belum standout. Aku kebetulan open jasa bikin cv + review cv &amp  ini lgs dimentoring sama ak sm yes2 Btw aku adalah alumni msib dan skrg jadi full time di perusahaan GoTo! #zonauang"",""1748401935210971438"","""","""",""in"",""DKI Jakarta, Indonesia"",""0"",""0"",""0"",""https://x.com/mentoringcv/status/1748401935210971438"",""1658154716961071104"",""mentoringcv"""
"1748384083938586809,""Fri Jan 19 16:37:03 +0000 2024"",""0"",""Buat kalian yang masih bingung kenapa cv-ny blm tembus screening stage mungkin karena cv kalian belum standout y Aku kebetulan open jasa bikin cv + review cv &amp  ini langsung dimentoring sama aku. Btw aku adalah alumni msib dan skrg jadi full time di perusahaan GoTo! #zonauang"",""1748384083938586809"","""","""",""in"",""DKI Jakarta, Indonesia"",""0"",""0"",""0"",""https://x.com/mentoringcv/status/1748384083938586809"",""1658154716961071104"",""mentoringcv"""
"1748329509450031355,""Fri Jan 19 13:00:12 +0000 2024"",""0"",""Buat kalian yang masih bingung kenapa cv-ny blm tembus screening stage mungkin karena cv kalian belum standout y Aku kebetulan open jasa bikin cv + review cv &amp  ini langsung dimentoring sama aku Btw aku adalah alumni msib dan skrg jadi full time di perusahaan GoTo! #zonauang"",""1748329509450031355"","""","""",""in"",""DKI Jakarta, Indonesia"",""0"",""0"",""0"",""https://x.com/mentoringcv/status/1748329509450031355"",""1658154716961071104"",""mentoringcv"""
"1747927407628329035,""Fri Jan 19 06:40:20 +0000 2024"",""1"",""@andrifiadam Nadim salah satu pendiri electrum (perusahaan EV) melalui GOTO yg mempengaruhi tambang nikel di Halmahera yg menghancurkan hidup kaum adat di Halmahera. https://t.co/nXTEoeSCFt"",""1748233915368706303"","""",""andrifiadam"",""in"",""Somewhere in EU"",""0"",""0"",""0"",""https://x.com/vilnazona/status/1748233915368706303"",""1472825259443339270"",""vilnazona"""
"1748201796412092481,""Fri Jan 19 04:32:42 +0000 2024"",""0"",""Buat kalian yang masih bingung kenapa cv-ny blm tembus screening stage mungkin karena cv kalian belum standout. Aku kebetulan open jasa bikin cv + review cv &amp  ini lgs dimentoring sama ak sm yes2 Btw aku adalah alumni msib dan skrg jadi full time di perusahaan GoTo! #zonauang"",""1748201796412092481"","""","""",""in"",""DKI Jakarta, Indonesia"",""0"",""0"",""0"",""https://x.com/mentoringcv/status/1748201796412092481"",""1658154716961071104"",""mentoringcv"""
"1747944575660880049,""Fri Jan 19 04:04:43 +0000 2024"",""0"",""@kumparan Perusahaan dia LBP ( TOBA/TBS) ada kongsi dgn GOTO utk motor listrik sehingga masyarakat beralih k motor listrik yg mana salah 1 produsen nya itu perusahaan LBP awokwokwokwok"",""1748194752745586745"","""",""kumparan"",""in"","""",""0"",""0"",""0"",""https://x.com/Cendol468907/status/1748194752745586745"",""1710407313520218112"",""Cendol468907"""
"1748080300356452470,""Fri Jan 19 04:00:53 +0000 2024"",""0"",""@DavidWijaya82 Perusahaan dia LBP ( TOBA/TBS) ada kongsi dgn GOTO utk motor listrik sehingga masyarakat beralih k motor listrik yg mana salah 1 produsen nya itu perusahaan LBP awokwokwokwok"",""1748193789142007877"","""",""DavidWijaya82"",""in"","""",""0"",""0"",""0"",""https://x.com/Cendol468907/status/1748193789142007877"",""1710407313520218112"",""Cendol468907"""
"1748168127815504259,""Fri Jan 19 02:18:55 +0000 2024"",""0"",""Buat kalian yang masih bingung kenapa cv-ny blm tembus screening stage mungkin karena cv kalian belum standout Aku kebetulan open jasa bikin cv + review cv &amp  ini lgs dimentoring sama ak sm yes Btw aku adalah alumni msib dan skrg jadi full time di perusahaan GoTo #zonauang"",""1748168127815504259"","""","""",""in"",""DKI Jakarta, Indonesia"",""0"",""0"",""0"",""https://x.com/mentoringcv/status/1748168127815504259"",""1658154716961071104"",""mentoringcv"""
"1747993311443574809,""Thu Jan 18 14:44:16 +0000 2024"",""0"",""Buat kalian yang masih bingung kenapa cv-ny blm tembus screening stage mungkin karena cv kalian belum standout ya Aku kebetulan open jasa bikin cv + review cv &amp  ini langsung dimentoring sama aku Btw aku adalah alumni msib dan skrg jadi full time di perusahaan GoTo! #zonauang"",""1747993311443574809"","""","""",""in"",""DKI Jakarta, Indonesia"",""0"",""0"",""0"",""https://x.com/mentoringcv/status/1747993311443574809"",""1658154716961071104"",""mentoringcv"""
"1747969755104055458,""Thu Jan 18 13:10:39 +0000 2024"",""0"",""Buat kalian yang masih bingung kenapa cv-ny blm tembus screening stage mungkin karena cv kalian belum standout y Aku kebetulan open jasa bikin cv + review cv &amp  ini langsung dimentoring sama aku Btw aku adalah alumni msib dan skrg jadi full time di perusahaan GoTo! #zonauang"",""1747969755104055458"","""","""",""in"",""DKI Jakarta, Indonesia"",""0"",""0"",""0"",""https://x.com/mentoringcv/status/1747969755104055458"",""1658154716961071104"",""mentoringcv"""
"1747942431902011760,""Thu Jan 18 11:22:05 +0000 2024"",""0"",""Buat kalian yang masih bingung kenapa cv-ny blm tembus screening stage mungkin karena cv kalian belum standout Aku kebetulan open jasa bikin cv + review cv &amp  ini lgs dimentoring sama ak sm yes Btw aku adalah alumni msib dan skrg jadi full time di perusahaan GoTo! #zonauang"",""1747942431902011760"","""","""",""in"",""DKI Jakarta, Indonesia"",""0"",""0"",""0"",""https://x.com/mentoringcv/status/1747942431902011760"",""1658154716961071104"",""mentoringcv"""
"1747942193615323603,""Thu Jan 18 11:21:08 +0000 2024"",""0"",""Buat kalian yang masih bingung kenapa cv-ny blm tembus screening stage mungkin karena cv kalian belum standout:) Aku kebetulan open jasa bikin cv + review cv &amp  ini langsung dimentoring sama aku. Btw aku adalah alumni msib dan skrg jadi full time di perusahaan GoTo! #zonauang"",""1747942193615323603"","""","""",""in"",""DKI Jakarta, Indonesia"",""0"",""0"",""0"",""https://x.com/mentoringcv/status/1747942193615323603"",""1658154716961071104"",""mentoringcv"""
"1747914524961976778,""Thu Jan 18 09:31:12 +0000 2024"",""0"",""Buat kalian yang masih bingung kenapa cv-ny blm tembus screening stage mungkin karena cv kln belum standout Aku kebetulan open jasa bikin cv + review cv &amp  ini lgs dimentoring sama ak sm yes2 Btw aku adalah alumni msib dan skrg jadi full time di perusahaan GoTo! #zonauang"",""1747914524961976778"","""","""",""in"",""DKI Jakarta, Indonesia"",""0"",""0"",""0"",""https://x.com/mentoringcv/status/1747914524961976778"",""1658154716961071104"",""mentoringcv"""
"1747900638720328036,""Thu Jan 18 08:36:01 +0000 2024"",""0"",""Buat kalian yang masih bingung kenapa cv-ny blm tembus screening stage mungkin karena cv kalian belum standout! Aku kebetulan open jasa bikin cv + review cv &amp  ini langsung dimentoring sama aku. Btw aku adalah alumni msib &amp  skrg jadi full time di perusahaan GoTo ) #zonauang"",""1747900638720328036"","""","""",""in"",""DKI Jakarta, Indonesia"",""0"",""0"",""0"",""https://x.com/mentoringcv/status/1747900638720328036"",""1658154716961071104"",""mentoringcv"""
"1747873883255157047,""Thu Jan 18 06:49:42 +0000 2024"",""0"",""Buat kalian yang masih bingung kenapa cv-ny blm tembus screening stage mungkin karena cv kalian belum standout. Aku kebetulan open jasa bikin cv + review cv &amp  ini lgs dimentoring sama ak sm yes2 Btw aku adalah alumni msib dan skrg jadi full time di perusahaan GoTo! #zonauang"",""1747873883255157047"","""","""",""in"",""DKI Jakarta, Indonesia"",""0"",""0"",""0"",""https://x.com/mentoringcv/status/1747873883255157047"",""1658154716961071104"",""mentoringcv"""
"1746489047550509417,""Sun Jan 14 11:06:51 +0000 2024"",""0"",""Buat kalian yang masih bingung kenapa cv-ny blm tembus screening stage mungkin karena cv kalian belum standout:) Aku kebetulan open jasa bikin cv + review cv &amp  ini langsung dimentoring sama aku. Btw aku adalah alumni msib dan skrg jadi full time di perusahaan GoTo! #zonauang"",""1746489047550509417"","""","""",""in"",""DKI Jakarta, Indonesia"",""0"",""0"",""0"",""https://x.com/mentoringcv/status/1746489047550509417"",""1658154716961071104"",""mentoringcv"""
"1746452712076791952,""Sun Jan 14 08:42:28 +0000 2024"",""0"",""Buat kalian yang masih bingung kenapa cv-ny blm tembus screening stage mungkin karena cv kalian belum standout ) Aku kebetulan open jasa bikin cv + review cv &amp  ini langsung dimentoring sama aku.. Btw aku adalah alumni msib &amp  skrg jadi full time di perusahaan GoTo! #zonauang"",""1746452712076791952"","""","""",""in"",""DKI Jakarta, Indonesia"",""0"",""0"",""0"",""https://x.com/mentoringcv/status/1746452712076791952"",""1658154716961071104"",""mentoringcv"""
"1746428116292239655,""Sun Jan 14 07:04:44 +0000 2024"",""1"",""Buat kalian yang masih bingung kenapa cv-ny blm tembus screening stage mungkin karena cv kalian belum standout Aku kebetulan open jasa bikin cv + review cv &amp  ini langsung dimentoring sama aku:D Btw aku adalah alumni msib dan skrg jadi full time di perusahaan GoTo! #zonauang"",""1746428116292239655"","""","""",""in"",""DKI Jakarta, Indonesia"",""0"",""0"",""0"",""https://x.com/mentoringcv/status/1746428116292239655"",""1658154716961071104"",""mentoringcv"""
"1746380126374531175,""Sun Jan 14 03:54:02 +0000 2024"",""0"",""Buat kalian yang masih bingung kenapa cv-ny blm tembus screening stage mungkin karena cv kalian belum standout y Aku kebetulan open jasa bikin cv + review cv &amp  ini langsung dimentoring sama aku. Btw aku adalah alumni msib dan skrg jadi full time di perusahaan GoTo #zonauang"",""1746380126374531175"","""","""",""in"",""DKI Jakarta, Indonesia"",""0"",""0"",""0"",""https://x.com/mentoringcv/status/1746380126374531175"",""1658154716961071104"",""mentoringcv"""
"1746309917282275591,""Sat Jan 13 23:15:03 +0000 2024"",""0"",""Buat kalian yang masih bingung kenapa cv-ny blm tembus screening stage mungkin karena cv kalian belum standout Aku kebetulan open jasa bikin cv + review cv &amp  ini langsung dimentoring sama aku Btw aku adlh alumni msib dan skrg jadi full time di perusahaan GoTo! #zonauang"",""1746309917282275591"","""","""",""in"",""DKI Jakarta, Indonesia"",""0"",""0"",""0"",""https://x.com/mentoringcv/status/1746309917282275591"",""1658154716961071104"",""mentoringcv"""
"1746309831160647975,""Sat Jan 13 23:14:43 +0000 2024"",""0"",""Buat kalian yang masih bingung kenapa cv-ny blm tembus screening stage mungkin karena cv kalian belum standout. Aku kebetulan open jasa bikin cv + review cv &amp ini langsung dimentoring sama aku Btw aku adalah alumni msib dan skrg jadi full time di perusahaan GoTo! #zonauang"",""1746309831160647975"","""","""",""in"",""DKI Jakarta, Indonesia"",""0"",""0"",""0"",""https://x.com/mentoringcv/status/1746309831160647975"",""1658154716961071104"",""mentoringcv"""
"1746124054451634179,""Sat Jan 13 10:56:30 +0000 2024"",""0"",""Buat kalian yang masih bingung kenapa cv-ny blm tembus screening stage mungkin karena cv kalian belum standout. Aku kebetulan open jasa bikin cv + review cv &amp  ini langsung dimentoring sama aku Btw aku adalah alumni msib dan skrg jadi full time di perusahaan GoTo:) #zonauang"",""1746124054451634179"","""","""",""in"",""DKI Jakarta, Indonesia"",""0"",""0"",""0"",""https://x.com/mentoringcv/status/1746124054451634179"",""1658154716961071104"",""mentoringcv"""
"1746069285871771783,""Sat Jan 13 07:18:52 +0000 2024"",""0"",""Buat kalian yang masih bingung kenapa cv-ny blm tembus screening stage mungkin karena cv kalian belum standout. Aku kebetulan open jasa bikin cv + review cv &amp  ini langsung dimentoring sama aku Btw aku adalah alumni msib dan skrg jadi full time di perusahaan GoTo! #zonauang"",""1746069285871771783"","""","""",""in"",""DKI Jakarta, Indonesia"",""0"",""0"",""0"",""https://x.com/mentoringcv/status/1746069285871771783"",""1658154716961071104"",""mentoringcv"""
"1746026351608594627,""Sat Jan 13 04:28:16 +0000 2024"",""0"",""Buat kalian yang masih bingung kenapa cv-ny blm tembus screening stage mungkin karena cv kalian belum standout Aku kebetulan open jasa bikin cv + review cv &amp  ini langsung dimentoring sama aku. Btw aku adalah alumni msib dan skrg jadi full time di perusahaan GoTo! #zonauang"",""1746026351608594627"","""","""",""in"",""DKI Jakarta, Indonesia"",""0"",""0"",""0"",""https://x.com/mentoringcv/status/1746026351608594627"",""1658154716961071104"",""mentoringcv"""
"1745832750962389171,""Fri Jan 12 21:37:03 +0000 2024"",""0"",""@plentoddd Podo wae seh dana belum begitu profit banget bagi perusahaan No dari $GoTo Gojek"",""1745922865722216827"","""",""plentoddd"",""in"",""Batu, Indonesia"",""0"",""0"",""0"",""https://x.com/AzizSan44/status/1745922865722216827"",""99193821"",""AzizSan44"""
"1745852738771321348,""Fri Jan 12 16:58:23 +0000 2024"",""0"",""Buat kalian yang masih bingung kenapa cv-ny blm tembus screening stage mungkin karena cv kalian belum standout Aku kebetulan open jasa bikin cv + review cv &amp  ini langsung dimentoring sama aku Btw aku adlh alumni msib dan skrg jadi full time di perusahaan GoTo! #zonauang"",""1745852738771321348"","""","""",""in"",""DKI Jakarta, Indonesia"",""0"",""0"",""0"",""https://x.com/mentoringcv/status/1745852738771321348"",""1658154716961071104"",""mentoringcv"""
"1745793518239641621,""Fri Jan 12 13:03:04 +0000 2024"",""0"",""Buat kalian yang masih bingung kenapa cv-ny blm tembus screening stage mungkin karena cv kalian belum standout:( Aku kebetulan open jasa bikin cv + review cv &amp  ini langsung dimentoring sama aku. Btw aku adalah alumni msib dan skrg jadi full time di perusahaan GoTo! #zonauang"",""1745793518239641621"","""","""",""in"",""DKI Jakarta, Indonesia"",""0"",""0"",""0"",""https://x.com/mentoringcv/status/1745793518239641621"",""1658154716961071104"",""mentoringcv"""
"1745722356901834851,""Fri Jan 12 08:20:18 +0000 2024"",""0"",""Buat kalian yang masih bingung kenapa cv-ny blm tembus screening stage mungkin karena cv kalian belum standout Aku kebetulan open jasa bikin cv + review cv &amp  ini langsung dimentoring sama aku Btw aku adalah alumni msib dan skrg jadi full time di perusahaan GoTo! #zonauang"",""1745722356901834851"","""","""",""in"",""DKI Jakarta, Indonesia"",""0"",""0"",""0"",""https://x.com/mentoringcv/status/1745722356901834851"",""1658154716961071104"",""mentoringcv"""
"1745659658768199739,""Fri Jan 12 04:11:10 +0000 2024"",""0"",""Buat kalian yang masih bingung kenapa cv-ny blm tembus screening stage mungkin karena cv kalian belum standout y Aku kebetulan open jasa bikin cv + review cv &amp  ini langsung dimentoring sama aku. Btw aku adalah alumni msib dan skrg jadi full time di perusahaan GoTo! #zonauang"",""1745659658768199739"","""","""",""in"",""DKI Jakarta, Indonesia"",""0"",""0"",""0"",""https://x.com/mentoringcv/status/1745659658768199739"",""1658154716961071104"",""mentoringcv"""
"1745453750255534221,""Thu Jan 11 14:32:57 +0000 2024"",""0"",""Buat kalian yang masih bingung kenapa cv-ny blm tembus screening stage mungkin karena cv kalian belum standout Aku kebetulan open jasa bikin cv + review cv &amp  ini langsung dimentoring sama aku. Btw aku adalah alumni msib dan skrg jadi full time di perusahaan GoTo! #zonauang"",""1745453750255534221"","""","""",""in"",""DKI Jakarta, Indonesia"",""0"",""0"",""0"",""https://x.com/mentoringcv/status/1745453750255534221"",""1658154716961071104"",""mentoringcv"""
"1745360726234186109,""Thu Jan 11 08:23:19 +0000 2024"",""0"",""Buat kalian yang masih bingung kenapa cv-ny blm tembus screening stage mungkin karena cv kalian belum standout. Aku kebetulan open jasa bikin cv + review cv &amp  ini langsung dimentoring sama aku Btw aku adalah alumni msib dan skrg jadi full time di perusahaan GoTo! #zonauang"",""1745360726234186109"","""","""",""in"",""DKI Jakarta, Indonesia"",""0"",""0"",""0"",""https://x.com/mentoringcv/status/1745360726234186109"",""1658154716961071104"",""mentoringcv"""
"1745314489149554784,""Thu Jan 11 05:19:35 +0000 2024"",""0"",""Buat kalian yang masih bingung kenapa cv-ny blm tembus screening stage mungkin karena cv kalian belum standout. Aku kebetulan open jasa bikin cv + review cv &amp  ini langsung dimentoring sama aku. Btw aku adalah alumni msib dan skrg jadi full time di perusahaan GoTo! #zonauang"",""1745314489149554784"","""","""",""in"",""DKI Jakarta, Indonesia"",""0"",""0"",""0"",""https://x.com/mentoringcv/status/1745314489149554784"",""1658154716961071104"",""mentoringcv"""
"1745134364453929450,""Wed Jan 10 17:23:50 +0000 2024"",""0"",""Buat kalian yang masih bingung kenapa cv-ny blm tembus screening stage mungkin karena cv kalian belum standout Aku kebetulan open jasa bikin cv + review cv &amp  ini langsung dimentoring sama aku. Btw aku adalah alumni msib dan skrg jadi full time di perusahaan GoTo! #zonauang"",""1745134364453929450"","""","""",""in"",""DKI Jakarta, Indonesia"",""0"",""0"",""0"",""https://x.com/mentoringcv/status/1745134364453929450"",""1658154716961071104"",""mentoringcv"""
"1745053398158967030,""Wed Jan 10 12:02:06 +0000 2024"",""0"",""Buat kalian yang masih bingung kenapa cv-ny blm tembus screening stage mungkin karena cv kalian belum standout! Aku kebetulan open jasa bikin cv + review cv &amp  ini langsung dimentoring sama aku Btw aku alumni msib dan skrg jadi full time di perusahaan GoTo #zonauang"",""1745053398158967030"","""","""",""in"",""DKI Jakarta, Indonesia"",""0"",""0"",""0"",""https://x.com/mentoringcv/status/1745053398158967030"",""1658154716961071104"",""mentoringcv"""
"1744961142727032984,""Wed Jan 10 05:55:30 +0000 2024"",""2"",""Buat kalian yang masih bingung kenapa cv-ny blm tembus screening stage mungkin karena cv kalian belum standout! Aku kebetulan open jasa bikin cv + review cv &amp  ini langsung dimentoring sama aku Btw aku adalah alumni msib dan skrg jadi full time di perusahaan GoTo #zonauang"",""1744961142727032984"","""","""",""in"",""DKI Jakarta, Indonesia"",""0"",""0"",""0"",""https://x.com/mentoringcv/status/1744961142727032984"",""1658154716961071104"",""mentoringcv"""
"1742083343875977708,""Tue Jan 02 07:20:10 +0000 2024"",""0"",""Buat kalian yang masih bingung kenapa cv-ny blm tembus screening stage mungkin karena cv kalian belum standout! Aku kebetulan open jasa bikin cv + review cv &amp  ini langsung dimentoring sama aku. Btw aku adalah alumni msib dan skrg jadi full time di perusahaan GoTo! #zonauang"",""1742083343875977708"","""","""",""in"",""DKI Jakarta, Indonesia"",""0"",""0"",""0"",""https://x.com/mentoringcv/status/1742083343875977708"",""1658154716961071104"",""mentoringcv"""
"1741497529651560838,""Sun Dec 31 17:15:02 +0000 2023"",""0"",""@ekowboy2 Setingkat calon Presiden mainannya di aplikasi yg securenya china yg menguasai bytedance perusahaan china co founder goto timnas Amin. Arah negara sdh jelas Antek china juga. https://t.co/C40aeLMACf"",""1741508272325296627"","""",""ekowboy2"",""in"","""",""0"",""0"",""0"",""https://x.com/Syah89207Dpn/status/1741508272325296627"",""1726106250243698688"",""Syah89207Dpn"""
"1741445988462772586,""Sun Dec 31 13:07:32 +0000 2023"",""0"",""Buat kalian yang masih bingung kenapa cv-ny blm tembus screening stage mungkin karena cv kalian belum standout! Aku kebetulan open jasa bikin cv + review cv &amp  ini langsung dimentoring sama aku. Btw aku adalah alumni msib dan skrg jadi full time di perusahaan GoTo! #zonauang"",""1741445988462772586"","""","""",""in"",""DKI Jakarta, Indonesia"",""0"",""0"",""0"",""https://x.com/mentoringcv/status/1741445988462772586"",""1658154716961071104"",""mentoringcv"""
"1741241741230116916,""Sat Dec 30 23:35:56 +0000 2023"",""0"",""terlepas dr problemnya gua baru tau perusahaan segede goto kok bisa tahan sama org senarsis cupu dan searogan ini. HRnya gimana dah. skill leadership di keluarga aja mencla memcle anying"",""1741241741230116916"","""","""",""in"","""",""0"",""0"",""0"",""https://x.com/yoccodel/status/1741241741230116916"",""1511184653180633089"",""yoccodel"""
"1740379599471878443,""Sat Dec 30 18:56:52 +0000 2023"",""0"",""@pikrachu Jadi benar itu kak kerja di perusahaan sekelas goto tapi nafkahin istri 1 5 juta aja sebulan? Sudah disepakati sejak sebelum menikah lah kok isooo"",""1741171512953254145"","""",""collectngwingko"",""in"",""North sea"",""0"",""0"",""0"",""https://x.com/ronzoro_/status/1741171512953254145"",""1521746042966130688"",""ronzoro_"""
"1740972965314035751,""Sat Dec 30 05:47:55 +0000 2023"",""0"",""Buat kalian yang masih bingung kenapa cv-ny blm tembus screening stage mungkin karena cv kalian belum standout! Aku kebetulan open jasa bikin cv + review cv &amp  ini langsung dimentoring sama aku. Btw aku adalah alumni msib dan skrg jadi full time di perusahaan GoTo! #zonauang"",""1740972965314035751"","""","""",""in"",""DKI Jakarta, Indonesia"",""0"",""0"",""0"",""https://x.com/mentoringcv/status/1740972965314035751"",""1658154716961071104"",""mentoringcv"""
"1740711626721116552,""Fri Dec 29 12:29:27 +0000 2023"",""0"",""Buat kalian yang masih bingung kenapa cv-ny blm tembus screening stage mungkin karena cv kalian belum standout! Aku kebetulan open jasa bikin cv + review cv &amp  ini langsung dimentoring sama aku. Btw aku adalah alumni msib dan skrg jadi full time di perusahaan GoTo! #zonauang"",""1740711626721116552"","""","""",""in"",""DKI Jakarta, Indonesia"",""0"",""0"",""0"",""https://x.com/mentoringcv/status/1740711626721116552"",""1658154716961071104"",""mentoringcv"""
"1740633505741336785,""Fri Dec 29 10:07:53 +0000 2023"",""6"",""@mtrshlh @intinyadeh Bini mau ngelahirin disuruh urus BJPS sekelas Goto ngga punya asuransi perusahaan?"",""1740676001078903103"","""",""mtrshlh"",""in"",""Indonesia"",""0"",""0"",""0"",""https://x.com/Hayat_aL_Fatih/status/1740676001078903103"",""69202079"",""Hayat_aL_Fatih"""
"1740379599471878443,""Thu Dec 28 20:36:54 +0000 2023"",""48"",""@CROMBOLONIVIRAL @pikrachu gajinya ngga mungkin kecil kok. posisi sekarang BD lead di GoTo dan pernah jadi VP di perusahaan sebelumnya mah bisa 30jt keatas gajinya."",""1740471910339862933"","""","""",""in"",""San Francisco, CA"",""7"",""5"",""4"",""https://x.com/spaidermeng/status/1740471910339862933"",""1300388385966579714"",""spaidermeng"""
"1740379599471878443,""Thu Dec 28 20:34:25 +0000 2023"",""4"",""@kindertidakjoy @noturtypebtch @pikrachu kalo liat linkedin-nya sebagai BD lead di GoTo dan pernah jadi VP di perusahaan sebelumnya gajinya harusnya udah diatas 30jt. ya ampas sih cuma kasih 1.5jt."",""1740471286059659328"","""",""kindertidakjoy"",""in"",""San Francisco, CA"",""1"",""0"",""0"",""https://x.com/spaidermeng/status/1740471286059659328"",""1300388385966579714"",""spaidermeng"""
"1740383194388877559,""Thu Dec 28 14:44:22 +0000 2023"",""0"",""Buat kalian yang masih bingung kenapa cv-ny blm tembus screening stage mungkin karena cv kalian belum standout! Aku kebetulan open jasa bikin cv + review cv &amp  ini langsung dimentoring sama aku. Btw aku adalah alumni msib dan skrg jadi full time di perusahaan GoTo! #zonauang"",""1740383194388877559"","""","""",""in"",""DKI Jakarta, Indonesia"",""0"",""1"",""0"",""https://x.com/mentoringcv/status/1740383194388877559"",""1658154716961071104"",""mentoringcv"""
"1740214735902318764,""Thu Dec 28 03:34:59 +0000 2023"",""0"",""Kenapa ya orang kaya di Indonesia ga ada yg kepikiran buat jadiin bitcoin di neraca perusahaan nya atau bikin anak perusahaan tambang bitcoin? Padahal masalah penting kaya komunitas udh jadi pasti $goto kalah populer kalau ada yg pake sistem kek gini. Orang ini emang IQ ny rendah"",""1740214735902318764"","""","""",""in"",""Riau, Indonesia"",""0"",""2"",""0"",""https://x.com/Royyanrahmat_/status/1740214735902318764"",""1208067530037714944"",""Royyanrahmat_"""
"1740004918768107538,""Thu Dec 28 01:12:17 +0000 2023"",""0"",""@xxxxxcenta @joachim_law @pashagalant @cumbzu @gojekindonesia Setidaknya dgn di tag goto/gojek perusahaan akan notice oh ada satu karyawan gw yg terinfo ngehek nih so perusahaan bakal melihat perkembangannya dan jg pastinya menurunkan team investigation sendiri yg memang biasanya selalu dimiliki setiap perusahaan swasta yg udah gede ya."",""1740178822958624886"","""",""0x2E234D56780d0"",""in"","""",""0"",""0"",""0"",""https://x.com/okkybobo/status/1740178822958624886"",""1693111195795066880"",""okkybobo"""
"1740004918768107538,""Wed Dec 27 22:17:49 +0000 2023"",""22"",""@telefonkoin @cumbzu @gojekindonesia mana ada org mikir kek gitu lo doang kali. Org mikirnya pasti biar perusahaan dia kerja tau punya karyawan sumbu pendek yang suatu saat bisa aja mencoreng nama baik perusahaan. Apalagi sekelas perusahaan unicorn seperti goto."",""1740134917881937953"","""",""telefonkoin"",""in"","""",""0"",""1"",""0"",""https://x.com/rascallian/status/1740134917881937953"",""1327309143208648704"",""rascallian"""
"1740133634336768266,""Wed Dec 27 22:12:43 +0000 2023"",""0"",""Mantan petinggi PT GoTo Gojek Tokopedia Tbk (GOTO) kembali melego saham perusahaan teknologi tersebut di tengah tren harga yang menurun. Selengkapnya https://t.co/M0QCPnLYbt"",""1740133634336768266"","""","""",""in"",""Jakarta"",""0"",""0"",""0"",""https://x.com/theiconomic/status/1740133634336768266"",""1169861863426818048"",""theiconomic"""
"1739955925119840565,""Wed Dec 27 10:26:34 +0000 2023"",""0"",""Komisaris PT GoTo Gojek Tokopedia Tbk (GOTO) Andre Soelistyo kembali menjual saham perusahaan sebanyak 100.000.000 lembar seri A yang dimiliki secara langsung. #bisnisupdate #update #bisnis #text https://t.co/DOdWyQLAWQ"",""1739955925119840565"","""","""",""in"","""",""0"",""0"",""1"",""https://x.com/kumparan/status/1739955925119840565"",""759692754985242625"",""kumparan"""
"1739642190085939652,""Tue Dec 26 13:39:53 +0000 2023"",""0"",""yaAllah semoga yg daftar di posisi ku tapi daftar yg paragon lazada goto ataupun perusahan lain bisa keterima di perusahaan terbaik pilihan mereka yaAllah biar aku bisa keterima buat posisiku yg aku daftar aamiin ️"",""1739642190085939652"","""","""",""in"",""Yogyakarta, Indonesia"",""0"",""0"",""0"",""https://x.com/flashhtan/status/1739642190085939652"",""2942911770"",""flashhtan"""
"1739512801729957978,""Tue Dec 26 09:57:07 +0000 2023"",""0"",""@d1k4ja biasanya dia merging perusahaan jadi kaya goto"",""1739586125877109029"","""",""d1k4ja"",""in"","""",""0"",""1"",""0"",""https://x.com/drawerrr_/status/1739586125877109029"",""1419595505542201347"",""drawerrr_"""
"1739482186271871180,""Tue Dec 26 03:04:05 +0000 2023"",""0"",""Direktur Keuangan PT GoTo Gojek Tokopedia Tbk (GOTO) Wei-Jye Jacky Lo melakukan aksi borong saham seri A perusahaan sebanyak 148.760.890 lembar. #bisnisupdate #update #bisnis #text https://t.co/XP4ZiqO0cG"",""1739482186271871180"","""","""",""in"","""",""0"",""0"",""0"",""https://x.com/kumparan/status/1739482186271871180"",""759692754985242625"",""kumparan"""
"1739451637343945164,""Tue Dec 26 01:02:42 +0000 2023"",""0"",""Harga saham PT Goto Gojek Tokopedia Tbk (GOTO) semakin merosot di akhir tahun ini. Sepertinya para investor tidak begitu tertarik dengan kinerja perusahaan ini. Semoga GOTO bisa bangkit dan menunjukkan performa yang lebih baik di masa depan."",""1739451637343945164"","""","""",""in"",""Bandung"",""0"",""0"",""0"",""https://x.com/adibrizaldii/status/1739451637343945164"",""1690573881067945984"",""adibrizaldii"""
"1738901464796557531,""Sun Dec 24 17:56:47 +0000 2023"",""16"",""@PagiPerindu Ojol dilarang ikut kampanye oleh perusahaan @GoTo maupun @GrabID .bisa kena PM. PUTUS MITRA. Kasihan ojolnya.cuma.di amplopin sekedarnya lalu dipecat oleh perusahaan. Ini valid .dan ojol saat ini tak solid seperti tahun 2017 lalu. Oportunis juga.faham !"",""1738982062621913419"","""",""PagiPerindu"",""in"",""Bandar Lampung, Lampung"",""0"",""2"",""3"",""https://x.com/SiswadiNurhuda/status/1738982062621913419"",""1537459309272920066"",""SiswadiNurhuda"""
"1738203738626728086,""Sat Dec 23 01:09:15 +0000 2023"",""0"",""@ainunnajib Mungkin semacam penerima manfaat karya produk digital sampai ke tingkat paling bawah. Contohnya : goto. Mitra goto menyentuh sampai golongan masyarakat terkecil tak perlu aliansi. Tidak seperti Alibaba misalnya yg stop sampai perusahaan jasa pengiriman."",""1738366123941470439"","""",""ainunnajib"",""in"",""Ibukota tercinta"",""0"",""0"",""0"",""https://x.com/tirtabudi/status/1738366123941470439"",""74675992"",""tirtabudi"""
"1737099075299004469,""Fri Dec 22 05:16:12 +0000 2023"",""0"",""@ardianpancaa @ranale1dey Kenapa jadi phk massal? Jangan sewa gedung tp beli gedungnya. Apalagi goto perusahaan gede "",""1738065880930763082"","""",""ardianpancaa"",""in"",""Jakarta Selatan, Indonesia"",""0"",""2"",""0"",""https://x.com/Richopstore/status/1738065880930763082"",""1123883081998503936"",""Richopstore"""
"1737099075299004469,""Fri Dec 22 04:45:54 +0000 2023"",""0"",""@Richopstore @ranale1dey Terus phk masal karyawan goto/grab? Biar sewa gedungnya di ruko dua lantai aja gitu? Itu goto perusahaan gede banget. Unicorn bukan star up."",""1738058257107927148"","""",""Richopstore"",""in"","""",""0"",""1"",""0"",""https://x.com/ardianpancaa/status/1738058257107927148"",""110090649"",""ardianpancaa"""
"1737753539936706686,""Thu Dec 21 08:35:04 +0000 2023"",""0"",""Ojol sudah punya semua.BPJS TK. Asuransi dll.bantuan dari perusahaan goto.dan Grabb. Bukan pemerintah."",""1737753539936706686"","""","""",""in"",""Bandar Lampung, Lampung"",""0"",""0"",""0"",""https://x.com/SiswadiNurhuda/status/1737753539936706686"",""1537459309272920066"",""SiswadiNurhuda"""
"1737418783311184249,""Wed Dec 20 10:42:06 +0000 2023"",""0"",""@stvereotype goto mah tinggal tidur aja secara dia punya competitive advantage daripada perusahaan startup lain di Indo+ruang untuk growth start up yang masih lebar di indo jadi dengan cash yg melimpah itu harusnya goto bisa inovasi/ekspansi"",""1737423121794453839"","""",""stvereotype"",""in"","""",""0"",""1"",""0"",""https://x.com/gfel1xx/status/1737423121794453839"",""1654411859599179776"",""gfel1xx"""
"1736901501317185665,""Tue Dec 19 15:43:02 +0000 2023"",""0"",""@doktermarket Founder goto pada exit semua. Bukti kalau founder aja udh gk percaya sama nih perusahaan"",""1737136463668813871"","""",""doktermarket"",""in"",""Earth"",""0"",""0"",""0"",""https://x.com/Nickelminers/status/1737136463668813871"",""1292419109192228864"",""Nickelminers"""
"1736947283210711455,""Tue Dec 19 03:29:22 +0000 2023"",""1"",""@ebe_ganzo Yg lebih penting akan semakin banyak pengguna GoPay dan GoSend. salah satu usaha unggulan dari GoTo. Mungkin ke depan GoTo akan membeli saham perusahaan kurir besar."",""1736951831899840525"","""",""ebe_ganzo"",""in"",""teras samping"",""0"",""2"",""0"",""https://x.com/lhayesno/status/1736951831899840525"",""226416224"",""lhayesno"""
"1736737070058725715,""Mon Dec 18 13:17:41 +0000 2023"",""0"",""Beberapa analisis berpendapat bahwa kerjasama ini memiliki dampak yang sangat positif bagi kedua perusahaan. Di satu sisi $TikTok akan dapat kembali merambah pasar Indonesia yang sedang berkembang pesat. Sementara itu $GoTo akan mendapatkan suntikan modal yang sangat https://t.co/d9Hj3x9sog"",""1736737500444668269"",""https://pbs.twimg.com/media/GBohi5MaIAAfIN0.jpg"",""SeaFarmer256"",""in"","""",""0"",""1"",""0"",""https://x.com/SeaFarmer256/status/1736737500444668269"",""1704459875152224257"",""SeaFarmer256"""
"1736721516082217359,""Mon Dec 18 12:34:37 +0000 2023"",""0"",""@Saham_fess gue kemarin baca analisis orang yg paham saham katanya sabar dulu dan jangan dijual. alasanya karena tiktok aja berani beli saham goto sebanyak itu. Tt kan perusahaan gede pasti punya analis yang ahli ga mungkin mereka berani beli saham goto sebanyak itu kalo ke dpn g prospek"",""1736726660064665617"","""",""Saham_fess"",""in"",""he/him"",""0"",""2"",""0"",""https://x.com/jufrisusanto/status/1736726660064665617"",""791790199500005376"",""jufrisusanto"""
"1736560810938540408,""Mon Dec 18 01:35:35 +0000 2023"",""0"",""Mirae memprediksi IHSG hari ini menguat terbatas. Perusahaan efek itu merekomendasikan berburu cuan dari GOTO ARCI dan ARTO. https://t.co/oeRgZgZPyt #InvestorDaily #Keuangan #Investor"",""1736560810938540408"","""","""",""in"",""Jakarta, Indonesia"",""0"",""0"",""0"",""https://x.com/InvestorID/status/1736560810938540408"",""238091066"",""InvestorID"""
"1736380726285865244,""Sun Dec 17 13:40:00 +0000 2023"",""1"",""GOTO jadi perusahaan ramah lingkungan kurangi efek rumah kaca https://t.co/kAlRdU56nR"",""1736380726285865244"","""","""",""in"",""Jakarta Capital Region"",""1"",""0"",""0"",""https://x.com/idx_channel/status/1736380726285865244"",""4755284968"",""idx_channel"""
"1736218833734758697,""Sun Dec 17 02:56:42 +0000 2023"",""0"",""Maap koreksi. Bukan GoTo Market (kebolak sama divisi perusahaan) tp GoTo Group. Tau kaaan yaaa."",""1736218833734758697"","""","""",""in"",""Tokyo"",""0"",""0"",""0"",""https://x.com/pritiktanya/status/1736218833734758697"",""67292215"",""pritiktanya"""
"1735961824590458900,""Sat Dec 16 09:55:26 +0000 2023"",""0"",""Capai kemajuan pesat Goto jadi perusahaan Indonesia pertama yang terima verifikasi STBi https://t.co/eECjYyvj0M"",""1735961824590458900"",""https://pbs.twimg.com/media/GBdgFFKaoAA0s3W.jpg"","""",""in"","""",""0"",""0"",""0"",""https://x.com/AmsarkittyAmsar/status/1735961824590458900"",""708615972"",""AmsarkittyAmsar"""
"1735961027765047730,""Sat Dec 16 09:52:16 +0000 2023"",""0"",""Capai kemanuam pesat Goto jadi perusahaan Indonesia pertama yang terima verifikasi STBi https://t.co/nhXBDR1DmI"",""1735961027765047730"",""https://pbs.twimg.com/media/GBdfWsqawAAQ-Br.jpg"","""",""in"","""",""0"",""0"",""0"",""https://x.com/frans_hutaga/status/1735961027765047730"",""625521065"",""frans_hutaga"""
"1735944642896781317,""Sat Dec 16 08:47:09 +0000 2023"",""0"",""GOTO &amp  TikTok akan menjadi perusahaan pertama yang berkolaborasi dengan UGM dalam membuka pusat pengembangan talenta digital lokal di RI. https://t.co/BJjwHkh9UH #InvestorDaily #Keuangan #Investor"",""1735944642896781317"","""","""",""in"",""Jakarta, Indonesia"",""0"",""0"",""0"",""https://x.com/InvestorID/status/1735944642896781317"",""238091066"",""InvestorID"""
"1735874033676362032,""Sat Dec 16 04:06:35 +0000 2023"",""1"",""Wah @tiktok_us ngapain beli barang busuk? Siniin 1 million USD nya dalam 1 tahun gw bikinin perusahaan bersih yang lebih besar dari toped serta ga punya beban keuangan. @BosPurwa @AdamVelcro @papa_loren GOTO Ungkap Risiko Akuisisi Tokopedia oleh TikTok Batal‚ Ini Sebabnya"",""1735874033676362032"","""","""",""in"",""ÜT: 6.307611,6.744946"",""0"",""0"",""0"",""https://x.com/ethadisaputra/status/1735874033676362032"",""55300590"",""ethadisaputra"""
"1735708724491149703,""Fri Dec 15 23:19:07 +0000 2023"",""0"",""@B0SlNGWA @vvotanet Perusahaan GoTo masih repot ngurus audit keuangan kyaknya "",""1735801692430766386"","""",""B0SlNGWA"",""in"",""Bulungan, Kalimantan Utara"",""0"",""0"",""0"",""https://x.com/feega_prynto/status/1735801692430766386"",""1264860518524674049"",""feega_prynto"""
"1735711560990069113,""Fri Dec 15 17:20:58 +0000 2023"",""0"",""anak perusahaan goto alias tokped di akuisisi tiktok 75% dan 25% nya alias sisanya masih milik goto yg mana anti delusi jadi mau inject berapa ratus juta dollar pun ga bakal ter delusi wew"",""1735711560990069113"","""","""",""in"","""",""0"",""0"",""0"",""https://x.com/tonibagusp/status/1735711560990069113"",""2496625352"",""tonibagusp"""
"1734367950117773421,""Fri Dec 15 16:16:00 +0000 2023"",""0"",""@investorgabut Intinya Tokopedia anak perusahaan dari PT gojek Tokopedia GoTo.tbk di akuisisi 75 % oleh tiktok.. 25 % masih dipegang GoTo"",""1735695212192895201"","""",""investorgabut"",""in"","""",""0"",""0"",""0"",""https://x.com/belajarsahamyuk/status/1735695212192895201"",""1734141698161475584"",""belajarsahamyuk"""
"1734367950117773421,""Fri Dec 15 16:14:32 +0000 2023"",""0"",""@_udangudang @investorgabut Tokopedia anak perusahaan GoTo.."",""1735694842305691839"","""",""_udangudang"",""in"","""",""0"",""0"",""0"",""https://x.com/belajarsahamyuk/status/1735694842305691839"",""1734141698161475584"",""belajarsahamyuk"""
"1735593936918663448,""Fri Dec 15 09:33:34 +0000 2023"",""2"",""Melalui kerja sama itu Grup GoTo dan TikTok menjadi perusahaan pertama yang berkolaborasi dengan UGM dalam membuka pusat pengembangan talenta digital https://t.co/vn3MB4ub80"",""1735593936918663448"","""","""",""in"",""Jakarta"",""1"",""0"",""1"",""https://x.com/kompascom/status/1735593936918663448"",""23343960"",""kompascom"""
"1735489353931948131,""Fri Dec 15 02:38:00 +0000 2023"",""0"",""Capai Kemajuan Pesat GoTo Jadi Perusahaan Indonesia Pertama Terima Verifikasi SBTi https://t.co/mG0G4H0PsH via @transonlinecom"",""1735489353931948131"","""","""",""in"",""Indonesia"",""0"",""0"",""0"",""https://x.com/transonlinecom/status/1735489353931948131"",""1177889535272734720"",""transonlinecom"""
"1735186731501306278,""Thu Dec 14 06:35:29 +0000 2023"",""717"",""Misi hari ini meracuni perusahaan GOTO dengan Xodiac https://t.co/vI0d5xv0nv"",""1735186731501306278"",""https://pbs.twimg.com/media/GBSfHMLaEAAjWZI.jpg"","""",""in"","""",""0"",""33"",""36"",""https://x.com/geraldytan_/status/1735186731501306278"",""1243035017711738880"",""geraldytan_"""
"1735185741456797739,""Thu Dec 14 06:31:33 +0000 2023"",""1"",""Bos GOTO Kembali Borong Saham Perusahaan Kini Rp5 Miliar https://t.co/HEqHCA7EpR"",""1735185741456797739"","""","""",""in"",""Indonesia"",""0"",""0"",""0"",""https://x.com/bisnisindo_id/status/1735185741456797739"",""1330791552583548932"",""bisnisindo_id"""
"1734890466456518800,""Wed Dec 13 10:58:14 +0000 2023"",""3"",""Walau comeback tapi tak antusias Kenapa gak ngajuin ijin perusahaan sendiri aja kenapa mesti ngekor sama GoTo Senyap harap dan ya begitulah https://t.co/iUxH1JB8qq"",""1734890466456518800"","""","""",""in"","""",""0"",""0"",""0"",""https://x.com/ngopipagi923441/status/1734890466456518800"",""1704267490384392192"",""ngopipagi923441"""
"1734110996661428402,""Tue Dec 12 13:10:20 +0000 2023"",""0"",""@Agoesteanz @investorgabut Gw tau venture capital mayoritas LN. VC itu ngasi duit doang ngga ikut2 ngurus perusahaan. Tp ini beda org2 pun jg pada bilang bahwa GOTO kehilangan kuasa atas tokopedia. Gw menyayangkan krn ini mirip sama aqua =&gt  danone sampoerna =&gt  phillips intl. https://t.co/bJn79O8Qlc"",""1734561323818664124"","""",""Agoesteanz"",""in"","""",""0"",""1"",""0"",""https://x.com/coastingrivers/status/1734561323818664124"",""1337971675678142465"",""coastingrivers"""
"1734234777639870853,""Tue Dec 12 12:22:52 +0000 2023"",""1"",""@renebaeyoni Goto itu perusahaan gabungan tokped sama gojek kak btw yang diatas salah paham ya sama² "",""1734549376729854325"","""",""renebaeyoni"",""in"","""",""0"",""1"",""0"",""https://x.com/barbar_rene/status/1734549376729854325"",""1248638445578096641"",""barbar_rene"""
"1734495538408779863,""Tue Dec 12 08:48:56 +0000 2023"",""0"",""Wkwk But seriously Tiktok lg rame di US karena ini perusahaan Taiwan utara yg kalo pemerintahnya bersabda minta data data lu pasti dibocorin~ sekarang akuisisi 75% Goto~ wkwk"",""1734495538408779863"","""","""",""in"",""West Java, Indonesia"",""0"",""0"",""0"",""https://x.com/gerrymon/status/1734495538408779863"",""33437112"",""gerrymon"""
"1734464606624510371,""Tue Dec 12 06:46:11 +0000 2023"",""0"",""GoTo juga akan menerima aliran pendapatan dari Tokopedia sejalan dengan skala dan pertumbuhan perusahaan tersebut. Adapun kemitraan strategis ini akan diawali dengan periode uji coba yang dilaksanakan dengan konsultasi dan pengawasan dari kementerian serta lembaga terkait."",""1734464649184338075"","""",""tempodotco"",""in"",""Indonesia"",""0"",""1"",""0"",""https://x.com/tempodotco/status/1734464649184338075"",""18129942"",""tempodotco"""
"1734464606624510371,""Tue Dec 12 06:46:05 +0000 2023"",""0"",""Perusahaan pun mengungkapkan bahwa TikTok akan berinvestasi ke GoTo sebesar lebih dari US$1 5 miliar."",""1734464623586472118"","""",""tempodotco"",""in"",""Indonesia"",""0"",""1"",""0"",""https://x.com/tempodotco/status/1734464623586472118"",""18129942"",""tempodotco"""
"1734464606624510371,""Tue Dec 12 06:46:01 +0000 2023"",""1"",""PT GoTo Gojek Tokopedia Tbk resmi bekerja sama dengan TikTok. Ekosistem digital terbesar Indonesia itu hari ini mengumumkan kemitraan strategis kedua perusahaan. Seperti apa kombinasi layanan di Tokopedia? #TempoThread #Tokopedia #TikTok https://t.co/IFIBUcQ7WQ"",""1734464606624510371"",""https://pbs.twimg.com/media/GBINQY_aEAAIqo6.jpg"","""",""in"",""Indonesia"",""0"",""1"",""1"",""https://x.com/tempodotco/status/1734464606624510371"",""18129942"",""tempodotco"""
"1734367950117773421,""Tue Dec 12 05:16:16 +0000 2023"",""3"",""@investorgabut Kok bisa jual anak dari holdingnya goto tapi goto ga dapet apapun ? Gue aga bingung bukannya kalau anak perusahaan di beli terhitung jadi revenue holding companynya ?"",""1734442017999196176"","""",""investorgabut"",""in"","""",""0"",""0"",""0"",""https://x.com/adifadeyika/status/1734442017999196176"",""1197217466704748544"",""adifadeyika"""
"1734164369368608973,""Tue Dec 12 05:09:26 +0000 2023"",""1"",""@NoiseClicked Wkwk padahal sama kayak Indosat dan Aqua. Tapi bedanya tidak ada penggabungan perusahan. Dan mainnya langsung setengah saham besar di miliki asing. Bedanya GoTo ini penggabungan perusahaan. Dan saham Tokopedia yang dibeli diakuisisi 75% oleh Tiktok shop. GoTo cuman sedikit."",""1734440301371236696"","""",""NoiseClicked"",""in"",""Kediri, East Java, Indonesia "",""0"",""0"",""0"",""https://x.com/fida_rachman/status/1734440301371236696"",""1116114424647958528"",""fida_rachman"""
"1731948775105843375,""Tue Dec 05 08:09:00 +0000 2023"",""2"",""Rencana kolaborasi antara TikTok dengan Tokopedia semakin mengerucut ByteDance Ltd. induk perusahaan TikTok dikabarkan telah sepakat untuk menjalin kerja sama secara luas dengan PT Gojek Tokopedia Tbk. (GOTO). Investasi ByteDance di GOTO akan menjadi pelopor untuk https://t.co/CSW1kKRfPp"",""1731948775105843375"",""https://pbs.twimg.com/media/GAkeOp8aQAEDTs2.jpg"","""",""in"",""Jakarta"",""0"",""0"",""0"",""https://x.com/SekuritasBahana/status/1731948775105843375"",""1488712320495009792"",""SekuritasBahana"""
"1731586642891419857,""Mon Dec 04 08:10:02 +0000 2023"",""0"",""GoTo merupakan perusahaan teknologi besar di Tanah Air yang memiliki beragam lini bisnis mulai dari keuangan transportasi hingga e-commerce. Jika GoTo tidak dikelola dengan baik dapat menimbulkan risiko monopoli dan persaingan tidak sehat di pasar kata Martin."",""1731586647777808443"","""",""Fraksi_NasDem"",""in"",""Jakarta"",""0"",""0"",""0"",""https://x.com/Fraksi_NasDem/status/1731586647777808443"",""3067711995"",""Fraksi_NasDem"""
"1730444701332046319,""Fri Dec 01 10:03:26 +0000 2023"",""2"",""@Saham_fess yang beli goto tuh kemaren emang atas dasar fundamental sampe ngequote warren buffet gitu? warren buffet emang kira2 bakalan beli goto? perusahaan rugi yang valuasinya ga masuk akal dan nyari modal cuman dari rights issue."",""1730528022137282698"","""",""Saham_fess"",""in"",""Gowa, Nigeria"",""0"",""0"",""0"",""https://x.com/dipopotamuss/status/1730528022137282698"",""2344995643"",""dipopotamuss"""
"1730444701332046319,""Fri Dec 01 04:46:38 +0000 2023"",""0"",""@Saham_fess Selamat kalo kamu cuan nder. Tapi gua tetap say no to goto buat skrg rugi perusahaan masih gede."",""1730448293577298208"","""",""Saham_fess"",""in"","""",""0"",""1"",""0"",""https://x.com/CottonCandyYena/status/1730448293577298208"",""1248315603477090304"",""CottonCandyYena"""
"1730417562817868214,""Fri Dec 01 02:44:31 +0000 2023"",""1"",""Ketika kalian melihat perusahaan yg servicenya selalu dipakai tapi evaluasianya masih minus... #GOTO menurut saya pantas untuk di Investasi. Yg beli di harga 58 congratulations... Kalian Pnatas mendapatkan reward. "",""1730417562817868214"","""","""",""in"","""",""0"",""0"",""0"",""https://x.com/greyramada/status/1730417562817868214"",""97362499"",""greyramada"""
"1730394079928971438,""Fri Dec 01 01:11:12 +0000 2023"",""0"",""Menkominfo mengaku tak masalah jika pembentukan TikTok Shop dilakukan dengan menggandeng perusahaan lain seperti GoTo. https://t.co/br5YyReARI"",""1730394079928971438"","""","""",""in"",""Jakarta"",""0"",""0"",""0"",""https://x.com/kompascom/status/1730394079928971438"",""23343960"",""kompascom"""
"1730201262048858317,""Fri Dec 01 01:00:26 +0000 2023"",""0"",""@discountfess Kenapa kok pemerintah mengatur bakar uang? Takutnya ini fitnah aja kepada pemerintah. Padahal pada dasarnya start up itu kalau masih bakar uang bakalan rugi. GOTO sampe sekarang masih rugi. Shopee kurang tau. Takutnya ini kebijakan perusahaan tp fitnah pemerintah."",""1730391370710532337"","""",""discountfess"",""in"","""",""0"",""0"",""0"",""https://x.com/Aditaahma/status/1730391370710532337"",""1581628785815744512"",""Aditaahma"""
"1730279013091045816,""Thu Nov 30 18:29:30 +0000 2023"",""0"",""Penutup juga sekaligus menjadi bahan renungan investor $GOTO. Dengan kondisi pendapatan seperti ini apakah jumlah driver bisa terus meningkat dan mendorong profitabilitas perusahaan? Atau justru perlahan di masa yg akan datang kita akan melihat penurunan jumlah driver.."",""1730292990000918915"","""",""asyraafaribi"",""in"","""",""0"",""0"",""0"",""https://x.com/asyraafaribi/status/1730292990000918915"",""621446837"",""asyraafaribi"""
"1730279013091045816,""Thu Nov 30 17:45:57 +0000 2023"",""0"",""Kenaikan yg sangat kecil sih padahal take rate sudah dinaikkan perusahaan dan driver juga udah pada demo sepertinya kedepannya opsi ini bukan opsi yang terbaik untuk membalikkan GOTO menjadi perusahaan profitable https://t.co/qIsbfn5NNh"",""1730282027784794332"",""https://pbs.twimg.com/media/GAMyDA9a8AAjlTG.png"",""asyraafaribi"",""in"","""",""0"",""2"",""0"",""https://x.com/asyraafaribi/status/1730282027784794332"",""621446837"",""asyraafaribi"""
"1730077641070506096,""Thu Nov 30 08:40:27 +0000 2023"",""0"",""@JoJooNFT @irwndfrry Ilmunya itu ada di investornya sendiri lah hadeh gimana value dan naik turunnya perusahaan dan manajemen krisis ada di investor. malahan skrg saham Goto dah mulai rebound beda sm NFT yg terjun terus wkwkwkwk."",""1730144748701392961"","""",""gogojojooo"",""in"","""",""0"",""1"",""0"",""https://x.com/tadanoryandesu/status/1730144748701392961"",""851030233834700802"",""tadanoryandesu"""
"1729684343721808134,""Wed Nov 29 02:10:59 +0000 2023"",""0"",""Top News 2: TikTok dikabarkan mempertimbangkan untuk berinvestasi di GoTo Gojek Tokopedia dengan membentuk perusahaan patungan. Bagaimana tanggapan Menteri Investasi Bahlil Lahadalia? Baca selengkapnya: https://t.co/tD021mqEPS #TikTok #Tokopedia"",""1729684349501534604"","""",""KATADATAcoid"",""in"",""Jakarta"",""0"",""1"",""0"",""https://x.com/KATADATAcoid/status/1729684349501534604"",""552523769"",""KATADATAcoid"""
"1729433773593493835,""Tue Nov 28 09:35:19 +0000 2023"",""5"",""Kesepakatan TikTok dengan GOTO disebut akan berbentuk joint venture. Hal ini telah dibahas oleh kedua perusahaan guna bersama-sama membangun platform e-commerce baru."",""1729433782275678323"","""",""asumsico"",""in"",""Jakarta Capital Region"",""0"",""1"",""0"",""https://x.com/asumsico/status/1729433782275678323"",""829366551446818816"",""asumsico"""
"1729379610721161420,""Tue Nov 28 06:00:04 +0000 2023"",""0"",""Kementerian Perdagangan (Kemendag) memastikan belum ada izin penggabungan layanan dagang TikTok dan PT GoTo Gojek Tokopedia Tbk (GOTO). Hal ini menyusul adanya isu TikTok akan kembali membuka layanan dagang daringnya dengan menggandeng perusahaan GoTo. #SmartNews @kompascom https://t.co/7DSS1WU63Z"",""1729379610721161420"",""https://pbs.twimg.com/media/F__IawfbMAAfNoF.jpg"","""",""in"",""Jl. Kebahagiaan No.4-14Jakarta"",""0"",""0"",""0"",""https://x.com/RadioSmartFM/status/1729379610721161420"",""177084452"",""RadioSmartFM"""
"1729324843626365211,""Tue Nov 28 02:22:27 +0000 2023"",""0"",""Top News 2: TikTok dikabarkan mempertimbangkan untuk berinvestasi di GoTo Gojek Tokopedia dalam bentuk perusahaan patungan atau joint venture. Seberapa besar transaksi gabungan keduanya dibandingkan dengan Shopee? Selengkapnya: https://t.co/uXdLvkXSe6 #Shopee"",""1729324849032724717"","""",""KATADATAcoid"",""in"",""Jakarta"",""0"",""1"",""0"",""https://x.com/KATADATAcoid/status/1729324849032724717"",""552523769"",""KATADATAcoid"""
"1728964640951226599,""Mon Nov 27 02:31:08 +0000 2023"",""0"",""Top News 1: TikTok dikabarkan mempertimbangkan untuk berinvestasi di GoTo Gojek Tokopedia dalam bentuk perusahaan patungan atau joint venture. Jika benar transaksi keduanya bisa mencapai Rp610 triliun di Asia Tenggara. Baca selengkapnya: https://t.co/B6j2jtQU0z #TikTok"",""1728964644260462676"","""",""KATADATAcoid"",""in"",""Jakarta"",""0"",""1"",""0"",""https://x.com/KATADATAcoid/status/1728964644260462676"",""552523769"",""KATADATAcoid"""
"1728288203118100953,""Sat Nov 25 05:43:12 +0000 2023"",""0"",""Kemitraan GOTO x Tiktok (jika benar terealisasi) akan menjadi skenario positif bagi perusahaan untuk memperteguh laju menuju EBITDA positif transformasi BIG DATA menjadi MEGA DATA akan memberikkan aset tambahan yang bisa di eksplorasi dalam kurun waktu mendatang https://t.co/5vXLgeCzJT"",""1728288203118100953"",""https://pbs.twimg.com/media/F_wc9QsaEAA99NB.jpg"","""",""in"",""Jakarta, Indonesia"",""0"",""0"",""0"",""https://x.com/oncloudandtree/status/1728288203118100953"",""153056251"",""oncloudandtree"""
"1727562621568561243,""Thu Nov 23 05:40:00 +0000 2023"",""1"",""Saham GOTO melesat seiring rumor media sosial TikTok disebut tengah dalam diskusi untuk berinvestasi di unit e-commerce perusahaan tersebu https://t.co/5RDv4N5oif"",""1727562621568561243"","""","""",""in"",""Jakarta Capital Region"",""0"",""0"",""0"",""https://x.com/idx_channel/status/1727562621568561243"",""4755284968"",""idx_channel"""
"1727499708514652359,""Thu Nov 23 01:30:00 +0000 2023"",""0"",""Dua perusahaan terafiliasi PT GoTo Gojek Tokopedia Tbk (GOTO) menandatangani perjanjian fasilitas pinjaman senilai Rp45 miliar. https://t.co/WHXCDnM2JY"",""1727499708514652359"","""","""",""in"",""Jakarta Capital Region"",""0"",""0"",""0"",""https://x.com/idx_channel/status/1727499708514652359"",""4755284968"",""idx_channel"""
"1727278040303194455,""Wed Nov 22 18:34:24 +0000 2023"",""5"",""@collegemenfess klo strategi aku ikut msib dibatch 5 applynya dibagi jd 2 kak 19 apply magang dan 3 apply stupen (tergantung orangnya lbh prioritas magang/stupen/salahsatunya aja) nah yg magang itu aku bagi lagi ada yg apply di perusahaan yg emg sgt kompetitif bgt (ex: goto danone dll) ~(1)"",""1727395121195581587"","""",""collegemenfess"",""in"","""",""0"",""1"",""0"",""https://x.com/cupacupu_/status/1727395121195581587"",""1685597242730954753"",""cupacupu_"""
"1722640552284631491,""Thu Nov 09 16:21:38 +0000 2023"",""0"",""@TokopediaCare Sudah di DM ya padahal pakai GoTo Logistic yang dimana masih satu induk perusahaan ternyata mengecewakan"",""1722650663438680492"","""",""TokopediaCare"",""in"","""",""0"",""1"",""0"",""https://x.com/moreteamore/status/1722650663438680492"",""368109013"",""moreteamore"""
"1721741177391874556,""Tue Nov 07 04:07:39 +0000 2023"",""1"",""Direktur Utama GOTO Patrick Sugito Walujo menegaskan tidak ada PHK massal yang akan dilakukan perusahaan dalam waktu dekat ini. Perusahaan terus berfokus melakukan efisiensi di pos-pos neraca keuangan yang memiliki beban jumbo. Baca selengkapnya: https://t.co/hnMUzfwLkl #GOTO https://t.co/jOTHTQcoze"",""1721741177391874556"",""https://pbs.twimg.com/media/F-TaRKCasAAgj3p.jpg"","""",""in"",""Jakarta"",""0"",""0"",""0"",""https://x.com/KATADATAcoid/status/1721741177391874556"",""552523769"",""KATADATAcoid"""
"1721426047609241731,""Mon Nov 06 07:15:26 +0000 2023"",""0"",""Founder tetap optimis pada perusahaan GOTO Bukti Peduli Kemanusiaan Ganjar Presiden #MelodyShaniJKT48ShopeeLive #IndonesiaUntukPalestina #AniesKreatif"",""1721426047609241731"","""","""",""in"","""",""0"",""0"",""0"",""https://x.com/anihasanah_/status/1721426047609241731"",""1444303593830379523"",""anihasanah_"""
"1720350182569652309,""Fri Nov 03 08:00:20 +0000 2023"",""0"",""CEO baru GoTo Patrick Walujo turun tangan merogoh kocek sekitar Rp10 miliar memborong saham perseroan. Kepada media ia juga menegaskan bahwa penjualan saham oleh founder tidak menunjukkan kehilangan kepercayaan terhadap perusahaan dan prospek bisnisnya. https://t.co/Pt5hH7PRJU"",""1720350182569652309"","""","""",""in"",""Indonesia"",""0"",""0"",""0"",""https://x.com/dailysocial/status/1720350182569652309"",""23046757"",""dailysocial"""
"1720256736886698217,""Fri Nov 03 01:49:01 +0000 2023"",""0"",""Ku ga pernah liat saham selain Goto yg di endorse ama berbagai pihak sih. Gokil emang perusahaan ajaib satu ini. Dari rekomendasi beli harga 300 an ampe sekarang terpangkas ke 150 an up pas harga setengahnya. Analis2 ini pada nyangkut kali ya? https://t.co/yD6yLquFGr"",""1720256736886698217"","""","""",""in"",""Indonesia"",""0"",""1"",""0"",""https://x.com/RoxaPH/status/1720256736886698217"",""554150918"",""RoxaPH"""
"1720049339903705219,""Thu Nov 02 13:01:40 +0000 2023"",""0"",""@Saham_fess cutloss aelah goto ga mungkin balik ke 400 perak. perusahaan babak belur gitu"",""1720063625925435876"","""",""Saham_fess"",""in"",""Jakarta Capital Region"",""0"",""0"",""0"",""https://x.com/celciusxyz/status/1720063625925435876"",""196913207"",""celciusxyz"""
"1719948709713375682,""Thu Nov 02 05:36:17 +0000 2023"",""40"",""@discountfess Jangan heran dendanya gede gak kayak SPayLater GopayLater ini kan ada setelah bos GOTO ganti nah bos GOTO yg sekarang punya perusahaan yang pernah investasi ke AdaKami yang kemaren kena kasus Debt Collectornya apalagi bunganya gede jadi gak heran lah yah."",""1719951542156189862"","""",""discountfess"",""in"",""Surabaya, Indonesia"",""3"",""7"",""10"",""https://x.com/dewalokaid/status/1719951542156189862"",""2989273564"",""dewalokaid"""
"1719193860818293211,""Tue Oct 31 03:25:32 +0000 2023"",""501"",""Kira-kira fitur tawar menawar tarif Gojek bakal efektif ga ya Gaes? GoTo saat ini sedang menguji coba fitur baru yakni GoRide Nego. Di mana nantinya customer bisa melakukan tawar harga dengan driver Gojek. GoRide Nego merupakan salah satu langkah perusahaan untuk terus https://t.co/qLjX8ygwaj"",""1719193860818293211"",""https://pbs.twimg.com/media/F9vNrnwbYAAGosR.jpg"","""",""in"","""",""1918"",""966"",""109"",""https://x.com/kumparan/status/1719193860818293211"",""759692754985242625"",""kumparan"""
"1719025347692536133,""Mon Oct 30 23:48:05 +0000 2023"",""0"",""@kegblgnunfaedh D sisi pengguna: Order begini kalau kita terjadi apa diluar tanggung jawab perusahaan. D sisi driver: Hemat biaya potongan aplikasi + bikin sepi order masuk. D sisi Investor retail: Ngurangin jumlah pemasukan perusahaan. Pastes #GOTO goes to gocap. Intinya bnyk negatifnya."",""1719139140099514431"","""",""kegblgnunfaedh"",""in"","""",""0"",""0"",""0"",""https://x.com/rizdardragon/status/1719139140099514431"",""769080402564743168"",""rizdardragon"""
"1718931182250008763,""Mon Oct 30 10:50:58 +0000 2023"",""0"",""@Saham_fess Kinerjanya memang membaik tetapi baca kembali headlinenya. Rugi menurun yang berarti perusahaan sebetulnya masih merugi hanya saja mulai memasuki tahap mampu menghasilkan laba bandingkan lagi dengan berapa tahun ke belakang selama $GOTO masih bakar uang semangat......."",""1718943570462478534"","""",""Saham_fess"",""in"",""Indonesia"",""0"",""0"",""0"",""https://x.com/Japutra22/status/1718943570462478534"",""1007314719131164673"",""Japutra22"""
"1718885390495682839,""Mon Oct 30 07:02:35 +0000 2023"",""0"",""Perusahaan merugi bisa listing aja udah aneh lu beli sahamnya pula.. Klo lo kaya dan bego sah2 aja beli GOTO"",""1718886098414510312"","""",""buleknyaUpi"",""in"",""KONOHA"",""0"",""0"",""0"",""https://x.com/buleknyaUpi/status/1718886098414510312"",""760771418"",""buleknyaUpi"""
"1718885517935403362,""Mon Oct 30 07:00:17 +0000 2023"",""1"",""Anjloknya saham GOTO dalam dua minggu terakhir membuat sentimen publik terhadap perusahaan publik di bidang teknologi menjadi kurang baik. Harga sahamnya sempat ambles ke level Rp54 - per lembar. https://t.co/Pt5hH7Qpzs"",""1718885517935403362"","""","""",""in"",""Indonesia"",""0"",""0"",""1"",""https://x.com/dailysocial/status/1718885517935403362"",""23046757"",""dailysocial"""
"1718860265054515324,""Mon Oct 30 05:19:56 +0000 2023"",""1"",""Blackrock itu perusahaan asset manager terbesar didunia (valuasi assetnya sekitar 10trilliun usd) hampir semua produk2 yang kalian pakai ada korelasinya dengan blackrock secara tidak langsung. Baru2 ini saham goto juga diserok sama blackrock sampai naik beberapa persen"",""1718860265054515324"","""","""",""in"",""Wall Street"",""0"",""0"",""0"",""https://x.com/cryptogengs/status/1718860265054515324"",""1514119079254446080"",""cryptogengs"""
"1718843286583144556,""Mon Oct 30 04:47:48 +0000 2023"",""1"",""@tanyakanrl Blackrock itu perusahaan asset manager terbesar didunia (valuasi assetnya sekitar 10trilliun usd) hampir semua produk2 yang kalian pakai ada korelasinya dengan blackrock secara tidak langsung. Baru2 ini saham goto juga diserok sama blackrock sampai naik beberapa persen"",""1718852178981593554"","""",""tanyakanrl"",""in"",""Wall Street"",""0"",""0"",""0"",""https://x.com/cryptogengs/status/1718852178981593554"",""1514119079254446080"",""cryptogengs"""
"1718843286583144556,""Mon Oct 30 04:36:34 +0000 2023"",""0"",""@tanyakanrl Itu maksudnya pemilik Blackrock yang dari Israel bukan Apple meskipun entah ya sumbernya dari mana Blackrock memang memiliki saham di 3 perusahaan besar teknologi yakni Apple Microsoft dan Amazon Mereka juga menanamkan saham di Indonesia seperti di GOTO TLKM KLBF dll"",""1718849351316090998"","""",""tanyakanrl"",""in"",""Indonesia"",""0"",""0"",""0"",""https://x.com/sulistryono_/status/1718849351316090998"",""63354728"",""sulistryono_"""
"1718543642938208486,""Sun Oct 29 15:46:47 +0000 2023"",""3"",""@TTuhop71788 @RemigiusNikolas @investorgabut Jelas lah merchant 20% driver 20% lebih plus 4rb/transaksi. Surplus nya mereka buang ke bisnis2 samping nya. Makanya gw bilang serakah pngn nge gedein goto. Mungkin itu cara narik investor nya. Perusahaan gede banyak anak2 bisnis."",""1718655629341131001"","""",""TTuhop71788"",""in"",""RANGKASBITUNG-BANTEN"",""0"",""2"",""0"",""https://x.com/Ngukzx/status/1718655629341131001"",""2410069500"",""Ngukzx"""
"1718505996711333914,""Sun Oct 29 14:22:49 +0000 2023"",""55"",""@anjimeNation Harusnya taruh chart GOTO yg secara harga saham lapkeu dan kinerja perusahaan otw gocapan wkwkwk"",""1718634495283540049"","""",""anjimeNation"",""in"",""New World"",""0"",""2"",""0"",""https://x.com/tinytinychopper/status/1718634495283540049"",""1187772998914232320"",""tinytinychopper"""
"1718543642938208486,""Sun Oct 29 14:11:32 +0000 2023"",""7"",""@RemigiusNikolas @investorgabut Goto sehari aja driver gojek offbid total lagi. Mati langsung... Efek keserakahan pengen multi bisnis ya zonk. Perusahaan sengsara mitra lebih sengsara"",""1718631658436653235"","""",""Ngukzx"",""in"",""RANGKASBITUNG-BANTEN"",""0"",""0"",""0"",""https://x.com/Ngukzx/status/1718631658436653235"",""2410069500"",""Ngukzx"""
"1718592115444461994,""Sun Oct 29 11:34:24 +0000 2023"",""0"",""Saatnya beli $goto ? Dari awal pinter ni perusahaan merge"",""1718592115444461994"","""","""",""in"",""United Arab Emirates"",""0"",""1"",""0"",""https://x.com/Kralicefaran/status/1718592115444461994"",""1247568274415443974"",""Kralicefaran"""
"1718543642938208486,""Sun Oct 29 09:00:26 +0000 2023"",""63"",""@investorgabut Tp gue kalo pemilik goto jg bingung ya mau cari profitnya gimana ini perusahaan. Pada mintanya gratis ongkir minta diskon. Sementara cost mereka gede bgt loh masyarakatnya ga siap charge yang gitu tinggi. Di korea ada biaya pengiriman bisa 250 ribu disini mana bisa."",""1718553365242868213"","""",""investorgabut"",""in"",""Semarang"",""1"",""16"",""1"",""https://x.com/RemigiusNikolas/status/1718553365242868213"",""2280651540"",""RemigiusNikolas"""
"1716686592084230403,""Tue Oct 24 05:42:31 +0000 2023"",""2"",""Di Indonesia berbagai perusahaan Tech juga sudah mengurangi pegawai mereka. Misalnya saja perusahaan-perusahaan ternama seperti GoTo Shopee Lazada dan Ruangguru. Berdasarkan laporan dari AFTECH 84% perusahaan Fintech juga telah melakukan PHK/Layoff kepada karyawan mereka pada https://t.co/3mtVECCnLg"",""1716691620975046881"",""https://pbs.twimg.com/media/F9Lp7OtbwAAc7dM.png"",""TMIHARINI"",""in"","""",""0"",""1"",""0"",""https://x.com/TMIHARINI/status/1716691620975046881"",""1632670728503058439"",""TMIHARINI"""
"1716359391920971782,""Mon Oct 23 07:43:15 +0000 2023"",""0"",""Ketiga saham itu bisa ane bilang adalah saham problematik kenapa? 1. GOTO: ini saham pusing banget mau cari untung. Gonta-ganti direksi pun belum menunjukkan peforma oke. Padahal statusnya sebagai perusahaan teknologi paling bernilai di Indonesia dengan kompetitor GRAB dan SEA"",""1716359616697881066"","""",""Mikirduitcom"",""in"",""Indonesia"",""0"",""1"",""0"",""https://x.com/Mikirduitcom/status/1716359616697881066"",""1637433701247377410"",""Mikirduitcom"""
"1716294023345033245,""Mon Oct 23 03:22:40 +0000 2023"",""1"",""Top News 5: BEI memberikan komentar atas rencana tiga pendiri PT GoTo Gojek Tokopedia Tbk (GOTO) yang ingin menjual saham perusahaan. Ketiganya yakni Andre Soelistyo William Tanuwijaya dan Kevin Aluwi. Baca selengkapnya: https://t.co/m7Hp1zf3Tw #BEI #GOTO"",""1716294036812902653"","""",""KATADATAcoid"",""in"",""Jakarta"",""1"",""0"",""0"",""https://x.com/KATADATAcoid/status/1716294036812902653"",""552523769"",""KATADATAcoid"""
"1714993460489683438,""Thu Oct 19 13:14:38 +0000 2023"",""4"",""Dua Dewan Komisaris PT GoTo Gojek Tokopedia Tbk (GOTO) Andre Soelistyo dan William Tanuwijaya memiliki rencana melepas saham perusahaan seri A. #bisnisupdate #update #Bisnis #text https://t.co/SxbTpXTeLN"",""1714993460489683438"","""","""",""in"","""",""0"",""1"",""1"",""https://x.com/kumparan/status/1714993460489683438"",""759692754985242625"",""kumparan"""
"1714938636809253121,""Thu Oct 19 09:36:47 +0000 2023"",""8"",""Saham GOTO menyentuh level terendahnya sejak IPO. Penjualan saham oleh komisaris perusahaan menambah sentimen negatif. #KoranTempo https://t.co/LwfrVdUDMq"",""1714938636809253121"","""","""",""in"",""Indonesia"",""0"",""0"",""4"",""https://x.com/korantempo/status/1714938636809253121"",""20963426"",""korantempo"""
"1714666860384530801,""Wed Oct 18 15:36:51 +0000 2023"",""0"",""Tidaklah baik bahkan banyak yg tidak berpihak PD kepentingan rakyat misal soal pupuk BBM dll. - Terkait dengan kebijakan akuisisi saham goto oleh anak perusahaan telkom ( BUMN) yg penuh dengan misteri karena patut diduga terindikasi ada kerugian negara."",""1714666862724997561"","""",""punyaramerame1"",""in"",""DKI Jakarta, Indonesia"",""0"",""1"",""0"",""https://x.com/punyaramerame1/status/1714666862724997561"",""1246404051807289349"",""punyaramerame1"""
"1714433576186642490,""Wed Oct 18 11:22:26 +0000 2023"",""0"",""@doktermarket Klo dia beli 50℅ saham goto beredar baru tuh gue percaya bahwa ada niat dari pengendali buat bikin nih perusahaan bagus hehehe"",""1714602837743939702"","""",""doktermarket"",""in"",""DKI Jakarta, Indonesia"",""0"",""0"",""0"",""https://x.com/txtpegawaipajak/status/1714602837743939702"",""996908004833464322"",""txtpegawaipajak"""
"1714556704279740708,""Wed Oct 18 09:38:28 +0000 2023"",""0"",""@NKRIndonesia79 @liputan6dotcom Buat seksrang emang kudu di jual hg Sdm bumn sekarang ga becus ngelola perusahaan Waskita. Aja korup Tuhh lihat goto aja saham udah 63 rupiah"",""1714576672446632114"","""",""NKRIndonesia79"",""in"",""Jakarta Timur, DKI Jakarta"",""0"",""0"",""0"",""https://x.com/fwbenefit233391/status/1714576672446632114"",""1706194350257102848"",""fwbenefit233391"""
"1714528189723406376,""Wed Oct 18 07:16:28 +0000 2023"",""0"",""@Fahrihamzah Gofud! Sponsornya perusahaan pengeruk dana bumn: goto."",""1714540937656078406"","""",""Fahrihamzah"",""in"","""",""0"",""0"",""0"",""https://x.com/DunguPhobia/status/1714540937656078406"",""1586121965806309376"",""DunguPhobia"""
"1714110544616304760,""Tue Oct 17 02:46:15 +0000 2023"",""31"",""Kalau perusahaan gede yang masuk setelah IPO saham $GOTO pasti boncos spt BlackRock JPMorgan Nomura Cuma investasinya di $GOTO dibanding total dana kelolaan mereka seujung kukupun nggga ada. Jadi bangkrut pun buat mereka gpp Lagian time horizon mereka sangat jangka panjang https://t.co/yqnyINT9Vd"",""1714110544616304760"",""https://pbs.twimg.com/media/F8m-NpLa8AAkL27.png"","""",""in"",""Any City"",""0"",""4"",""4"",""https://x.com/desmondwira/status/1714110544616304760"",""201965045"",""desmondwira"""
"1713769677967774076,""Mon Oct 16 12:24:30 +0000 2023"",""0"",""@Saham_fess Quote ini hanya berlaku untuk perusahaan yg fundamentalnya bagus. Dari awal berdiri sampai skg GOTO tuh nggak pernah cetak profit."",""1713893678266438021"","""",""Saham_fess"",""in"",""Surabaya"",""0"",""0"",""0"",""https://x.com/Ghost_leet/status/1713893678266438021"",""1187785803826520066"",""Ghost_leet"""
"1713550821160595738,""Sun Oct 15 18:24:24 +0000 2023"",""1"",""@kaptencrypto707 cek aja Tron atau CYBR masalah profil perusahaan atau lapkeu ya lu research sendiri optional Goto sih gak jauh dr gocap ini saham yg naik nya lama banget gak bisa setaun dua taun holding minggu kemaren fud 1 atau 2 minggu lagi lu ketemu good news goto itu cara mereka akum"",""1713621865716191491"","""",""kaptencrypto707"",""in"","""",""0"",""2"",""0"",""https://x.com/adhichronique/status/1713621865716191491"",""296124461"",""adhichronique"""
"1713620616610533523,""Sun Oct 15 18:19:27 +0000 2023"",""0"",""Komposisi saham Alibaba dan SoftBank pada PT GoTo Gojek Tokopedia mengalami perubahan atau dilusi setelah masuk investor baru karena perusahaan gabungan Gojek dan Tokopedia ini mengeluarkan 17 miliar saham baru Seri A yang dibeli Bhinneka Holdings. https://t.co/NpFDM0dc5b"",""1713620616610533523"","""","""",""in"",""California"",""0"",""0"",""0"",""https://x.com/FrankyTts/status/1713620616610533523"",""106247388"",""FrankyTts"""
"1712816046611259884,""Fri Oct 13 14:48:52 +0000 2023"",""4"",""@doktermarket dr prospektus saat ipo aja GOTO udah gak ada prospek utk profit pertanyaan saya dulu jg adl kok boleh perusahaan model gini melakukan IPO https://t.co/6F7OaUYkc6"",""1712842848348082565"",""https://pbs.twimg.com/media/F8U9fhZbIAAHPOL.jpg"",""doktermarket"",""in"","""",""0"",""1"",""1"",""https://x.com/Gazpol_Remblong/status/1712842848348082565"",""1684559050086973440"",""Gazpol_Remblong"""
"1712831321733820665,""Fri Oct 13 14:03:04 +0000 2023"",""1"",""Komisaris GOTO Jual 332 Juta Saham Perusahaan https://t.co/oJIZNbtJIL"",""1712831321733820665"","""","""",""in"",""Indonesia"",""0"",""0"",""0"",""https://x.com/bisnisindo_id/status/1712831321733820665"",""1330791552583548932"",""bisnisindo_id"""
"1712773946188185916,""Fri Oct 13 11:55:00 +0000 2023"",""10"",""@investorgabut Padahal goto nih bisa jadi slhsatu contoh perusahaan yg kasi saham ke pegawenya trs nanti berkembang. ternyata otw rungkad. Mgkn ada perusahaan lain yg sukses stlh kasi saham ke pegawe tp kan gak viral"",""1712799094228619376"","""",""investorgabut"",""in"","""",""1"",""3"",""0"",""https://x.com/arifnurrachmann/status/1712799094228619376"",""40234555"",""arifnurrachmann"""
"1712726443892113626,""Fri Oct 13 07:06:19 +0000 2023"",""1"",""Saham GoTo Group telah menjadi topik pembicaraan utama dalam pasar saham seiring dengan penggabungan dua perusahaan teknologi terkemuka di Indonesia Gojek dan Tokopedia. https://t.co/bDjwSJjUoO #bbtvi #saham #GoTo #palastine #lindol #investing #SahamGoTo #Gojek #Tokopedia"",""1712726443892113626"","""","""",""in"",""Việt Nam"",""0"",""0"",""0"",""https://x.com/sart0sh1/status/1712726443892113626"",""1434916373596016641"",""sart0sh1"""
"1712581809945678289,""Thu Oct 12 21:31:36 +0000 2023"",""103"",""shm! $GOTO Menurut saya saham GOTO sudah di titik oversold artinya tidak lama lagi akan terbang. Jika ada yg nyangkut harap tenang ini emiten bagus kinerja perusahaan meningkat nanti akan respawn naik sampai ke 90-100/lembar https://t.co/wilT3W8QIX"",""1712581809945678289"",""https://pbs.twimg.com/media/F8RQFKaagAAHZeH.jpg"","""",""in"",""Sukses Finansial"",""31"",""120"",""8"",""https://x.com/Saham_fess/status/1712581809945678289"",""1336580251493646343"",""Saham_fess"""
"1712420077063344177,""Thu Oct 12 10:48:56 +0000 2023"",""30"","" Kalau beli saham itu pas semua orang lagi takut bukan ketika harga nya udah naik Pertanyaan nya berani gak lu beli pas turun beneran? Punya keyakinan gak bakal balik naik kalau ditunggu? Masih ada gak tuh perusahaan 10 tahun lagi? Jangan2 runway $GOTO abis bangkrut di https://t.co/d16ZwV1ICL"",""1712420077063344177"",""https://pbs.twimg.com/media/F8O8-eLaEAADXzl.jpg"","""",""in"",""Indonesia"",""3"",""8"",""1"",""https://x.com/txtdrkapitalis/status/1712420077063344177"",""1450404869261590532"",""txtdrkapitalis"""
"1712399631169241408,""Thu Oct 12 09:36:31 +0000 2023"",""0"",""Lalu GOTO menjadi perusahaan dengan valuasi Rp 1000 trilyun mengalahkan BCA. "",""1712401854964085198"","""",""arjunaskykok"",""in"",""Jakarta, Indonesia"",""0"",""0"",""0"",""https://x.com/arjunaskykok/status/1712401854964085198"",""753309366"",""arjunaskykok"""
"1712282655423918220,""Thu Oct 12 03:35:37 +0000 2023"",""0"",""@SobatBandar Gak mungkin bisa distribusi 70% saham dalam waktu 1-2 tahun buat perusahaan sebesar GOTO. Kemungkinan terbesar 70% masyakat isinya investor non ritel"",""1712311030129492250"","""",""SobatBandar"",""in"",""DKI Jakarta, Indonesia"",""0"",""1"",""0"",""https://x.com/andrepolins/status/1712311030129492250"",""284458569"",""andrepolins"""
"1711347910271717727,""Mon Oct 09 15:31:30 +0000 2023"",""0"",""@worksfess Kek gue dong Kerja di perusahaan startup GOTO Indonesia bagian Logistik and Field Customer Service"",""1711404025898488232"","""",""worksfess"",""in"",""B +62, Planet C-53, Earth-1218"",""0"",""0"",""0"",""https://x.com/txtdrkekes/status/1711404025898488232"",""599857567"",""txtdrkekes"""
"1711040225030643937,""Sun Oct 08 15:25:53 +0000 2023"",""0"",""Prestasi luar biasa! GOTO resmi masuk dalam daftar IPO terbesar di Indonesia dengan jumlah investor yang mengungguli BUKA. Ini menandai pencapaian besar dalam perkembangan perusahaan dan menjadi bukti kepercayaan investor terhadap masa depannya. Tanah Abang Besok Senin"",""1711040225030643937"","""","""",""in"","""",""0"",""0"",""0"",""https://x.com/farahhasanah_/status/1711040225030643937"",""973115059"",""farahhasanah_"""
"1711033017471557730,""Sun Oct 08 14:57:15 +0000 2023"",""0"",""Prestasi besar bagi GOTO! Perusahaan ini resmi masuk dalam daftar IPO terbesar di Indonesia dengan jumlah investor yang melampaui BUKA. Ini adalah tonggak bersejarah yang menunjukkan kepercayaan yang besar terhadap masa depan perusahaan. Minggu Besok Senin Nduk Palestina"",""1711033017471557730"","""","""",""in"","""",""0"",""0"",""0"",""https://x.com/anihasanah_/status/1711033017471557730"",""1444303593830379523"",""anihasanah_"""
"1711031789203198030,""Sun Oct 08 14:52:22 +0000 2023"",""0"",""Prestasi gemilang untuk GOTO! Perusahaan ini resmi masuk dalam daftar IPO terbesar di Indonesia dan jumlah investor yang bergabung bahkan mengungguli BUKA. Momentum ini merupakan dorongan positif untuk perkembangan ekonomi di Indonesia Minggu Besok Senin Palestina"",""1711031789203198030"","""","""",""in"","""",""0"",""0"",""0"",""https://x.com/ikaalaksita/status/1711031789203198030"",""1556114422040793089"",""ikaalaksita"""
"1710288539374469583,""Fri Oct 06 13:38:58 +0000 2023"",""0"",""ini perusahaan my sg. Goto gimana ya?"",""1710288539374469583"","""","""",""in"",""…"",""0"",""0"",""0"",""https://x.com/DwipaAlfarisi/status/1710288539374469583"",""3177768446"",""DwipaAlfarisi"""
"1709739367810695239,""Thu Oct 05 01:16:45 +0000 2023"",""0"",""Masuk akal juga sih untuk proteksionisme Goto. Kan perusahaan baru yang ekspansi ke luar negeri juga. Cuma Tokopedia nya masih kalah lawan Shopee. Duit abis duluan buat perang dalam negeri."",""1709739367810695239"","""","""",""in"",""Boredomia"",""0"",""1"",""0"",""https://x.com/hollenkrieg/status/1709739367810695239"",""48265005"",""hollenkrieg"""
"1709541721103912983,""Wed Oct 04 22:39:59 +0000 2023"",""0"",""@Umar_Hasibuan__ Investasi Telkomsel di GoTo bukan masalah untung dan rugi tapi kolaborasi untuk menciptakan ekosistem digital yang pada gilirannya akan berdampak positif bagi perusahaan di masa mendatang. Itu pembenaran mereka."",""1709699917122609323"","""",""UmarSyadatHsb__"",""in"","""",""0"",""1"",""0"",""https://x.com/EkiPiliang/status/1709699917122609323"",""622813047"",""EkiPiliang"""
"1709212008560885933,""Tue Oct 03 14:21:13 +0000 2023"",""1"",""GOTO Terima Investasi Rp2 3 Triliun 4 Anak Perusahaan Termasuk Tokopedia Kecipratan #beritajogja #jogja #jogjaistimewa https://t.co/3HqTVFDV0Y https://t.co/z3ta2KMYdo"",""1709212008560885933"",""https://pbs.twimg.com/media/F7hXQ7iagAEjNsV.jpg"","""",""in"",""Yogyakarta, Indonesia"",""0"",""0"",""0"",""https://x.com/Harian_Jogja/status/1709212008560885933"",""118371948"",""Harian_Jogja"""
"1708814137554596303,""Tue Oct 03 00:52:38 +0000 2023"",""3"",""@Goldmind_82 @er_angga16 maaf mas mgk sekedar sharing aja setau saya tidak harus plus tapi yg akuntable minimal 3 thn. byk perusahaan yg melakukan IPO dgn kondisi lap keu terakhir sebelum IPO tercatat rugi ( contoh BUKA GOTO ). maksud pres AZA menurut saya spy Persebaya sdh punya pondasi kuat."",""1709008522162380994"","""",""Goldmind_82"",""in"",""jakarta"",""0"",""1"",""0"",""https://x.com/andrieirawan/status/1709008522162380994"",""41868221"",""andrieirawan"""
"1708837304708841545,""Mon Oct 02 13:32:16 +0000 2023"",""0"",""goto sama miisoo tuh satu perusahaan ape gmane"",""1708837304708841545"","""","""",""in"",""💙 :"",""0"",""0"",""0"",""https://x.com/nctdriim/status/1708837304708841545"",""1147972576846548992"",""nctdriim"""
"1707808963818041619,""Fri Sep 29 17:26:01 +0000 2023"",""0"",""jelas yg diuntungkan ya goto perusahaan plat merah"",""1707808963818041619"","""","""",""in"",""Bandung,Indonesia"",""0"",""0"",""0"",""https://x.com/garindrtm/status/1707808963818041619"",""588903922"",""garindrtm"""
"1706880169259286791,""Wed Sep 27 15:40:46 +0000 2023"",""2"",""@maklogeming1011 @princeofone @FomoIndonesia Kemungkinan nya gedee sih kakk karena nanti bakal ada program internship (ada seleksi nya) nahh kalau dapet nya di perusahaan goto berdasarkan pengalaman anak gen gigih opportunity untuk di hire sebagai permanent employee permanent nya gede."",""1707057701975711897"","""",""maklogeming1011"",""in"",""ian"",""0"",""1"",""0"",""https://x.com/harusbertahan_/status/1707057701975711897"",""1438293571"",""harusbertahan_"""
"1706922296219410641,""Wed Sep 27 06:42:43 +0000 2023"",""1"",""Njer seram banget ampe 200t (ini dah ngelewatin market cap perusahaan besar kae GoTo MNC Group BNI dan Indofood) selain itu juga duidnya ngga muter ke masyarakat"",""1706922296219410641"","""","""",""in"",""Antarctica"",""0"",""0"",""1"",""https://x.com/slv_chezko/status/1706922296219410641"",""1602582829677694977"",""slv_chezko"""
"1706903858730152135,""Wed Sep 27 06:36:30 +0000 2023"",""0"",""@profesor_saham Yg dia omongin itu omongan tekbros2 2015 yg akhirnya membawa perusahaan rugi kek Goto IPO dan bikin boncos investor wkwkwk. Dulu itu ngomongnya fintech alias pinjol mau ngegantiin Bank liat aja kek apa nasib nya pinjol skrg"",""1706920734793302459"","""",""profesor_saham"",""in"","""",""0"",""1"",""0"",""https://x.com/DennySeggssegar/status/1706920734793302459"",""1492848282355515395"",""DennySeggssegar"""
"1706834937822003552,""Wed Sep 27 00:55:35 +0000 2023"",""1"",""Pilarmas memprediksi IHSG hari ini melemah terbatas. Perusahaan efek itu merekomendasikan CPIN hingga GOTO justru calon cuan. https://t.co/SyyGH5VUce"",""1706834937822003552"","""","""",""in"",""Jakarta, Indonesia"",""0"",""0"",""1"",""https://x.com/InvestorID/status/1706834937822003552"",""238091066"",""InvestorID"""
"1706482941692657796,""Tue Sep 26 03:53:03 +0000 2023"",""13"",""@bublabubli @beemochl @tanyarlfes Bayar pajak apa pas ndiriin perusahaan? Sy bikin PT diawal nggak bayar pajak adanya pajak Badan pas udah berjalan kalau ngajuin PKP baru nanti baru ada kewajiban pungut ppn tiktok dan goto sama sama kena pajak badan lu ngiklan di tiktok juga kena ppn "",""1706517213740662935"","""","""",""in"",""Iceland"",""0"",""1"",""0"",""https://x.com/dwiputro89/status/1706517213740662935"",""1027775966142054401"",""dwiputro89"""
"1705729820322341280,""Sun Sep 24 01:33:06 +0000 2023"",""0"",""@jonathanalfarot Ditambah banyak ojol yang bertebaran tidak sejalan dengan jumlah orderan jadinya saling sikut terua banyak promo bikin bengkak kas perusahaan harga sahamnya digoreng mulu lengkap sudah nih GoTo "",""1705757217369256340"","""",""jonathanalfarot"",""in"",""Hogwarts "",""0"",""0"",""0"",""https://x.com/Kopi_and_Chat/status/1705757217369256340"",""1522033381206228992"",""Kopi_and_Chat"""
"1704743322739470828,""Thu Sep 21 06:24:16 +0000 2023"",""4"",""Sedangkan PT Paraduta Satya Wahana merupakan perusahaan yang terafiliasi dengan Patrick Walujo yang kini menjabat CEO dari GoTo. https://t.co/lMin5fqKPr"",""1704743328250798285"",""https://pbs.twimg.com/media/F6h2n8-a4AAOO4g.jpg"",""apamedia_id"",""in"",""Indonesia"",""0"",""1"",""0"",""https://x.com/apamedia_id/status/1704743328250798285"",""1691034489928196096"",""apamedia_id"""
"1704339992909316391,""Wed Sep 20 16:48:58 +0000 2023"",""0"",""@rara_mulia31478 @PartaiSocmed @bank_indonesia @ojkindonesia @KemenkeuRI @jokowi @gojekindonesia Pastinya.. Coba googline siapa investornya goto nama perusahaan investasinya begitupun siapa investornya adakami nama investornya nanti ketauan semua bermuara ke mastermindnya. "",""1704538151749046771"","""",""ramdanmulyaa"",""in"","""",""0"",""0"",""0"",""https://x.com/cattheseekers/status/1704538151749046771"",""1577650886108594182"",""cattheseekers"""
"1704536294729335223,""Wed Sep 20 16:41:36 +0000 2023"",""0"",""Patrick Waluyo: Profil Bos Goto dan Investor Pinjol Adakami Terkait dengan Perusahaan China https://t.co/NpWjbiYdz1 #GOTO #Adakami #Pinjol"",""1704536294729335223"","""","""",""in"",""DKI Jakarta, Indonesia"",""0"",""0"",""0"",""https://x.com/KabarS4habat/status/1704536294729335223"",""1438017153467248642"",""KabarS4habat"""
"1704380747145179476,""Wed Sep 20 16:14:50 +0000 2023"",""0"",""@PartaiSocmed Si PW si petinggi GOTO ini melalui perusahaan investasinya juga udah mulai mau menjebak para peternak ikan yg mulai menawarkan skema paylater di startup perikanannya tum."",""1704529561843872121"","""",""cattheseekers"",""in"","""",""0"",""0"",""0"",""https://x.com/cattheseekers/status/1704529561843872121"",""1577650886108594182"",""cattheseekers"""
"1704487013603570147,""Wed Sep 20 15:50:42 +0000 2023"",""0"",""@capsaicn goto kek nama perusahaan "",""1704523486948134997"","""","""",""in"",""she/her"",""0"",""0"",""0"",""https://x.com/yuutaeu/status/1704523486948134997"",""847086525770694657"",""yuutaeu"""
"1704426412176994318,""Wed Sep 20 09:24:58 +0000 2023"",""1"",""Patrick Waluyo: Profil Bos Goto dan Investor Pinjol Adakami Terkait dengan Perusahaan China https://t.co/NpWjbiYdz1 #Adakami #Pinjol #Info"",""1704426412176994318"","""","""",""in"",""DKI Jakarta, Indonesia"",""0"",""0"",""1"",""https://x.com/KabarS4habat/status/1704426412176994318"",""1438017153467248642"",""KabarS4habat"""
"1704425190506340743,""Wed Sep 20 09:20:06 +0000 2023"",""1"",""Patrick Waluyo: Profil Bos Goto dan Investor Pinjol Adakami Terkait dengan Perusahaan China https://t.co/NpWjbiYdz1 #Galbay #GalbayPinjol #Adakami #pinjamanpribadi #Pinjol #INFO"",""1704425190506340743"","""","""",""in"",""DKI Jakarta, Indonesia"",""0"",""0"",""1"",""https://x.com/KabarS4habat/status/1704425190506340743"",""1438017153467248642"",""KabarS4habat"""
"1704296313314304306,""Wed Sep 20 00:48:00 +0000 2023"",""0"",""Goto takkkan kemana² perusahaan IT tanpa ada keunggulan spesifik di IT."",""1704296313314304306"","""","""",""in"",""Indonesia"",""0"",""0"",""0"",""https://x.com/partaimurba/status/1704296313314304306"",""276330740"",""partaimurba"""
"1703987205637820685,""Tue Sep 19 14:32:10 +0000 2023"",""0"",""@PartaiSocmed Tp emang sih goto itu kusut perusahaan nya apalagi aplikasi gopartnernya itu bener2 kusut secara aplikasi sering maintenis aplikasinya aplikasi yg bagus cm gopaynya ajh"",""1704141334129390018"","""",""PartaiSocmed"",""in"","""",""0"",""0"",""0"",""https://x.com/Pads18072624/status/1704141334129390018"",""1322378841751347200"",""Pads18072624"""
"1704076868142686212,""Tue Sep 19 12:30:13 +0000 2023"",""0"",""@mbaspill @detikcom Bisa menambal kerugian di masa lalu mas setelah saya cek laporan keuangan Twitter memang selalu merugi tuh perusahaan. Ibaratnya Twitter itu kaya GoTo yang selalu merugi di laporan keuangannya"",""1704110646168793455"","""",""mbaspill"",""in"","""",""0"",""0"",""0"",""https://x.com/ArdianLestari2/status/1704110646168793455"",""1566673221805428737"",""ArdianLestari2"""
"1703987205637820685,""Tue Sep 19 12:28:48 +0000 2023"",""0"",""@PartaiSocmed Prelude kehancuran GOTO sdh sy duga waktu mulai IPO. Polanya nyaris selalu perusahaan besar - pingin upgrade - jual saham - masuk bos/ceo/etc bastards - jadi monster - hancur. Para bastard happy sdh nyedot duit"",""1704110288310530436"","""",""PartaiSocmed"",""in"","""",""0"",""0"",""0"",""https://x.com/PinkmagicH/status/1704110288310530436"",""1305327951349649408"",""PinkmagicH"""
"1704076868142686212,""Tue Sep 19 12:28:33 +0000 2023"",""0"",""@tebarratjun @detikcom Setelah saya cek laporan keuangan perusahaan Twitter memang sih sejak dulu zaman pendirinya yang bernama Jack Dorsey hingga setelah Elon Musk menjabat setahun Twitter banyak merugi tidak pernah untung. Ibaratnya seperti GoTo yang selalu merugi. Mungkin mau menebusnya"",""1704110225798967505"","""",""tebarratjun"",""in"","""",""0"",""0"",""0"",""https://x.com/ArdianLestari2/status/1704110225798967505"",""1566673221805428737"",""ArdianLestari2"""
"1703970846497497418,""Tue Sep 19 11:03:31 +0000 2023"",""0"",""@krikpikusus @PartaiSocmed @adakamiofficial Kalau masalah modal adakami bisa dibilang anak perusahaan emiten GOTO. Bisa di cek lewat Stockbit."",""1704088825134547311"","""",""krikpikusus"",""in"",""Puri, Indonesia"",""0"",""0"",""1"",""https://x.com/masuqiiin/status/1704088825134547311"",""1135102019126026240"",""masuqiiin"""
"1703987205637820685,""Tue Sep 19 05:02:14 +0000 2023"",""3"",""@txt_ExcelSheet @PartaiSocmed @ojkindonesia Mungkin bsa dibilang hampir 80% perusahaan startup besar itu ujung2nya menawarkan jasa bisnis rente dengan iming2 diskon utk produknya seperti yg ditawarkan GOTO. Apalagi kalau ada yg investornya sama atau saling berhubungan seperti perusahaan investasi si NorthStar."",""1703997906746040405"","""",""cattheseekers"",""in"","""",""0"",""1"",""1"",""https://x.com/cattheseekers/status/1703997906746040405"",""1577650886108594182"",""cattheseekers"""
"1693443555237548516,""Mon Aug 21 02:03:01 +0000 2023"",""10"",""Selain GoTo masih banyak perusahaan gede lain yang lagi buka nih. Kalian sabi cek melalui website dibawah yaps. https://t.co/Xovr2he59Y"",""1693443557796008198"","""",""karirspace"",""in"",""Jakarta, Indonesia"",""0"",""1"",""7"",""https://x.com/karirspace/status/1693443557796008198"",""1521393200879276034"",""karirspace"""
"1692445022627708996,""Fri Aug 18 08:19:34 +0000 2023"",""0"",""@kompascom perusahaan luhut (TOBA) patungan dg GOTO (pemegang saham GOTO ada klan thohir &amp  pak menteri nadiem) punya pabrik motor listrik xixixi. https://t.co/USMIbc8l9v"",""1692451157892063604"","""",""kompascom"",""in"","""",""0"",""0"",""0"",""https://x.com/DencisTomat/status/1692451157892063604"",""1630129870352293888"",""DencisTomat"""
"1692337783782948961,""Fri Aug 18 00:49:04 +0000 2023"",""0"",""Pilarmas memprediksi IHSG hari ini melemah terbatas. Perusahaan efek itu merekomendasikan serok potensi cuan ERAA hingga GOTO. https://t.co/7TZ2xtyX31"",""1692337783782948961"","""","""",""in"",""Jakarta, Indonesia"",""0"",""0"",""0"",""https://x.com/InvestorID/status/1692337783782948961"",""238091066"",""InvestorID"""
"1692044055704735809,""Thu Aug 17 05:21:54 +0000 2023"",""0"",""Bos GoTo tidak merinci produk apa yang akan ditutup namun di segmen entertainment perusahaan memiliki produk GoPlay dan GoTix. https://t.co/3uLCGZp44g"",""1692044055704735809"","""","""",""in"",""Indonesia"",""0"",""0"",""0"",""https://x.com/TechinAsia_ID/status/1692044055704735809"",""1578524700"",""TechinAsia_ID"""
"1691715034853015701,""Wed Aug 16 07:34:30 +0000 2023"",""0"",""Tren menuju profitabilitas mulai menghampiri perusahaan teknologi PT GoTo Gojek Tokopedia Tbk (GOTO) yang berhasil memangkas rugi bersih di 1H23 hingga 48% yoy menjadi Rp7 16 triliun."",""1691715037197672508"","""",""bnisekuritas46"",""in"",""Jakarta Capital Region"",""0"",""1"",""0"",""https://x.com/bnisekuritas46/status/1691715037197672508"",""886784783434436608"",""bnisekuritas46"""
"1691649329130549468,""Wed Aug 16 03:13:24 +0000 2023"",""2"",""Kemarin banget sore goto rilis LK Q2. Lantas gimana kabarnya perusahaan karya anak bangsa ini? Kubikin utas buat poin-poin menarik yang kutemukan. https://t.co/uNHywfCcv9"",""1691649329130549468"",""https://pbs.twimg.com/media/F3nyGasaYAAWqfY.jpg"","""",""in"",""Jkt"",""0"",""1"",""1"",""https://x.com/spesian23/status/1691649329130549468"",""840148692975812615"",""spesian23"""
"1691323919763128320,""Tue Aug 15 05:42:09 +0000 2023"",""0"",""@imyourmwork_ kecuali dari perusahaan goto lazada shopee mah gas gas aja :DDDD"",""1691324375277133825"","""",""imyourmwork_"",""in"","""",""0"",""0"",""0"",""https://x.com/mengerami/status/1691324375277133825"",""616743596"",""mengerami"""
"1689474795292049408,""Thu Aug 10 03:12:35 +0000 2023"",""0"",""Top News 1: Dua startup yaitu GoTo Gojek Tokopedia dan M Cash Integrasi masuk dalam daftar 100 perusahaan terbesar di Indonesia berdasarkan pendapatan versi Fortune Indonesia. Baca selengkapnya: https://t.co/ZHjiXJ1d3G #GoTo #Gojek #Tokopedia"",""1689474798383251456"","""",""KATADATAcoid"",""in"",""Jakarta"",""0"",""1"",""0"",""https://x.com/KATADATAcoid/status/1689474798383251456"",""552523769"",""KATADATAcoid"""
"1689193203743039488,""Wed Aug 09 08:33:38 +0000 2023"",""0"",""Perusahaan coworking space ini padahal dulu dihargai US$ 40 miliar (sekitar Rp 607 triliun) oleh Softbank investor startup kelas kakap dan pemegang saham GoTo. https://t.co/3G2OY6N6Pf"",""1689193203743039488"","""","""",""in"",""Jakarta Capital Region"",""0"",""0"",""0"",""https://x.com/cnbcindonesia/status/1689193203743039488"",""847372542830444544"",""cnbcindonesia"""
"1689181727233867776,""Wed Aug 09 07:48:01 +0000 2023"",""0"",""Startup M Cash dan GoTo Gojek Masuk Daftar 100 Perusahaan Terbesar https://t.co/kqheSjZNS2"",""1689181727233867776"","""","""",""in"",""Jakarta"",""0"",""0"",""0"",""https://x.com/KATADATAcoid/status/1689181727233867776"",""552523769"",""KATADATAcoid"""
"1689088419195215872,""Wed Aug 09 01:46:50 +0000 2023"",""2"",""Dengan masuk ke grup software engineer kerja di GOTO status sosial Anda akan naik. Perekrut akan menghubungi Anda untuk membujuk Anda menerima tawaran di perusahaan lain. Ketika orang melihat Anda kerja di GOTO orang umumnya berpikir Anda terpercaya dan kompeten."",""1689090829556805632"","""",""arjunaskykok"",""in"",""Jakarta, Indonesia"",""0"",""1"",""0"",""https://x.com/arjunaskykok/status/1689090829556805632"",""753309366"",""arjunaskykok"""
"1688490180926443520,""Mon Aug 07 10:00:04 +0000 2023"",""0"",""Tokopedia perusahaan e-commerce sekaligus bagian dari grup GoTo akan merayakan ulang tahun yang ke-14 pada 17 Agustus 2023. #bisnisupdate #update #bisnis #text https://t.co/iSFA25nyut"",""1688490180926443520"","""","""",""in"","""",""0"",""0"",""0"",""https://x.com/kumparan/status/1688490180926443520"",""759692754985242625"",""kumparan"""
"1688008498892947457,""Sun Aug 06 02:06:02 +0000 2023"",""0"",""Susun Program Strategis GoTo Perkuat Komitmen Perusahaan Terhadap ESG #TrenAsia https://t.co/uTBWO0Nhsz"",""1688008498892947457"","""","""",""in"",""Jakarta"",""0"",""0"",""0"",""https://x.com/trenasiadotcom/status/1688008498892947457"",""1675698038625673219"",""trenasiadotcom"""
"1687474933474201600,""Sun Aug 06 00:46:13 +0000 2023"",""0"",""@NenkMonica Seperti sudah ditulis berulang ulang oleh pengamat Agustinus Edy ttg perusahaan GOTO banyak keanehan. Akan tetapi karena Erick kesayangan Jokowi ya aman aman ajah."",""1687988412404617216"","""",""NenkMonica"",""in"","""",""0"",""0"",""0"",""https://x.com/nurdiman_a14631/status/1687988412404617216"",""1650737230670106624"",""nurdiman_a14631"""
"1686725541456433157,""Thu Aug 03 07:24:38 +0000 2023"",""6"",""@Aazi_ @projectm_org Engga sih mereka akan switch ke lini bisnis lain. GoTo kan perusahaan teknologi bukan perusahaan transportasi. Mitra Ojek cabut masih ada Gopay dan usaha lainnya. Masih didukung juga Lini Tokopedia sebagai Market Place."",""1687001511690395649"","""",""Aazi_"",""in"",""Indonesia"",""0"",""1"",""0"",""https://x.com/Twt_dr_je/status/1687001511690395649"",""953714494470897664"",""Twt_dr_je"""
"1686263978849341441,""Tue Aug 01 11:35:30 +0000 2023"",""0"",""@sleepypetter @PRFMnews @kh_putra @glennsugita @teddy_tjahjono Yang punya gojek saja pak gleen perusahaan merugi sih goto"",""1686339869310930946"","""",""sleepypetter"",""in"",""DKI Jakarta, Indonesia"",""0"",""1"",""0"",""https://x.com/Rifqizuhdi281/status/1686339869310930946"",""1066719132656128000"",""Rifqizuhdi281"""
"1685649162988380160,""Sun Jul 30 13:50:52 +0000 2023"",""0"",""Perusahaan yang akan menang dalam persaingan bisnis masa depan adalah yang memiliki akses dan pemanfaatan optimal terhadap big data. GoTo Tiktok Meta Chatgpt etc"",""1685649162988380160"","""","""",""in"",""Jakarta"",""0"",""0"",""0"",""https://x.com/liusman90/status/1685649162988380160"",""74955479"",""liusman90"""
"1685284459694944257,""Sat Jul 29 13:41:40 +0000 2023"",""0"",""@tokopedia @TokopediaCare min saya kok pesan tiket KAI ga bs pilih kursi yah?? Tolong dìperbaiki min saya sbg investor goto ini layanan perusahaan ini baik min makasih"",""1685284459694944257"","""",""tokopedia"",""in"","""",""0"",""1"",""0"",""https://x.com/afriyugo/status/1685284459694944257"",""114335760"",""afriyugo"""
"1675677279995961345,""Mon Jul 03 01:26:10 +0000 2023"",""0"",""Pabrik milik Electrum perusahaan patungan PT GoTo Gojek Tokopedia Tbk (GOTO) dan PT TBS Energi Utama Tbk (TOBA) diperkirakan dapat menyengat kinerja. https://t.co/aFVBpWwYXf"",""1675677279995961345"","""","""",""in"",""Jakarta, Indonesia"",""0"",""0"",""0"",""https://x.com/Bisniscom/status/1675677279995961345"",""118646322"",""Bisniscom"""
"1675605146947170305,""Sun Jul 02 20:40:06 +0000 2023"",""28"",""6. Daftar Perusahaan yang PHK Pekerja di Indonesia Sejak Awal 2023: GoTo MR DIY Sayur Box Adidas Toko Buku Gunung Agung Puma."",""1675605286558777344"","""",""Hasbil_Lbs"",""in"",""Jakarta Capital Region, Indone"",""0"",""2"",""13"",""https://x.com/Hasbil_Lbs/status/1675605286558777344"",""931419055549906944"",""Hasbil_Lbs"""
"1674753045039546368,""Fri Jun 30 12:13:36 +0000 2023"",""0"",""Perusahaan teknologi PT GoTo Gojek Tokopedia Tbk atau GoTo kembali mengumumkan secara resmi perombakan susunan direksi dan komisaris. Aksi ini dinilai sebagai upaya perusahaan mengirim sinyal positif kepada investor. #Ekonomi #AdadiKompas #Kompas58 https://t.co/3xeksY7eUZ"",""1674753045039546368"","""","""",""in"",""Palmerah, Jakarta"",""0"",""0"",""0"",""https://x.com/hariankompas/status/1674753045039546368"",""255866913"",""hariankompas"""
"1674714396558528513,""Fri Jun 30 11:51:15 +0000 2023"",""0"",""@sbmptnfess Ah itu mah hrd itu aja buktinya temen gw dr kampus swasta ga terkenal bisa dpt perusahaan bagus kaya tokped goto dll. Dan yg diliat ya skill karena buat apa lu ngehire event kampus terkenal tp ga sesuai skill yg dicari? Ya PR lg buat siperusahaan buat ngajarin skillnya itu org"",""1674747421908439040"","""",""sbmptnfess"",""in"","""",""0"",""0"",""0"",""https://x.com/bobachamp6/status/1674747421908439040"",""1269756405495390208"",""bobachamp6"""
"1674712873795469312,""Fri Jun 30 09:33:58 +0000 2023"",""3"",""Emiten teknologi hasil merger dua eks strartup terbesar RI GoTo Gojek Tokopedia (GOTO) memperoleh persetujuan pemegang saham untuk merombak jajaran direksi dan komisaris perusahaan. https://t.co/IDatuTV3C6"",""1674712873795469312"","""","""",""in"",""Jakarta Capital Region"",""0"",""0"",""1"",""https://x.com/cnbcindonesia/status/1674712873795469312"",""847372542830444544"",""cnbcindonesia"""
"1674708484217094146,""Fri Jun 30 09:16:31 +0000 2023"",""0"",""GoTo telah menyelesaikan RUPST dan RUPSLB. Beberapa hal disetujui oleh para pemegang saham termasuk perubahan kepemimpinan perusahaan. https://t.co/XWxVjCZoHQ"",""1674708484217094146"","""","""",""in"",""Jakarta, Indonesia"",""0"",""0"",""0"",""https://x.com/detikfinance/status/1674708484217094146"",""135795460"",""detikfinance"""
"1673151461109432320,""Mon Jun 26 02:09:28 +0000 2023"",""0"",""Perusahaan Baru Merger Malah Tersandung Kasus Merek GOTO https://t.co/lRddInM0Db #beritamerek #kasusmerek #prinsipmerek"",""1673151461109432320"","""","""",""in"",""Surabaya, Jawa Timur"",""0"",""0"",""0"",""https://x.com/mebiso/status/1673151461109432320"",""621458361"",""mebiso"""
"1672821562159038464,""Sun Jun 25 04:18:34 +0000 2023"",""1"",""TBS Energi Utama (TOBA) memperkirakan perusahaan JV dengan GOTO Electrum dapat balik modal 5 tahun lagi. https://t.co/5cyLgduT9x"",""1672821562159038464"","""","""",""in"",""Jakarta, Indonesia"",""0"",""0"",""0"",""https://x.com/Bisniscom/status/1672821562159038464"",""118646322"",""Bisniscom"""
"1672172268146020352,""Sat Jun 24 17:21:14 +0000 2023"",""4"",""@misinpnglewat @sczeve Itu masih ada kaitannya sama rezin ini kan sama sama under pdip Lihat deh luhut bikin kebijakan terakhir semena mena banget apalagi tentang dilarang jual beli mobil bbm dimana perusahaan patungan dia sama goto yg jadi pemain Bayangin dia berkuasa sampe 2035..."",""1672656137693564929"","""",""sstss_diem"",""in"",""Christopher Bang's house"",""0"",""0"",""0"",""https://x.com/chansdaughter00/status/1672656137693564929"",""590604251"",""chansdaughter00"""
"1672444730192560133,""Sat Jun 24 03:21:12 +0000 2023"",""1"",""Menilik ke belakang harga debut saham GOTO Rp338 per saham. Perusahaan melepas sebanyak 40 6 miliar saham dengan dana IPO sebesar Rp13 7 triliun. Dua minggu kemudian saham GOTO terus anjlok. Laporan keuangan sepanjang 2022 menyebut GOTO membukukan rugi bersih Rp40 triliun. https://t.co/PP30QtxjPh"",""1672444736815390720"",""https://pbs.twimg.com/media/FzW2tM3aIAApq9l.png"",""KATADATAcoid"",""in"",""Jakarta"",""0"",""1"",""0"",""https://x.com/KATADATAcoid/status/1672444736815390720"",""552523769"",""KATADATAcoid"""
"1672444730192560133,""Sat Jun 24 03:21:11 +0000 2023"",""1"",""Tak hanya itu Patrick Walujo juga percaya diri didapuk menjadi pemimpin perusahaan. Sebagai salah satu investor pertama Gojek dan Komisaris GoTo saya selalu memiliki kepercayaan besar terhadap perseroan kata Patrick."",""1672444734722433030"","""",""KATADATAcoid"",""in"",""Jakarta"",""0"",""1"",""0"",""https://x.com/KATADATAcoid/status/1672444734722433030"",""552523769"",""KATADATAcoid"""
"1672435772702724096,""Sat Jun 24 02:45:35 +0000 2023"",""0"",""Ralat pemanggilan RUPS GoTo ini bisa berkali-kali coba ... galau apa gimana? Udah ga ada dividen yang dibagi juga. Perusahaan apa ini? "",""1672435772702724096"","""","""",""in"",""-6.216223,106.830025"",""0"",""1"",""0"",""https://x.com/diandwi/status/1672435772702724096"",""24774121"",""diandwi"""
"1672216109406371841,""Fri Jun 23 12:12:43 +0000 2023"",""0"",""Electrum yang merupakan perusahaan patungan antara PT GoTo Gojek Tokopedia Tbk dan PT TBS Energi Utama Tbk membangun groundbreaking pabrik motor listrik di Cikarang Jumat (23/6). https://t.co/aLZBdOAoho"",""1672216109406371841"","""","""",""in"",""Bekasi, Jawa Barat"",""0"",""0"",""0"",""https://x.com/bindonews/status/1672216109406371841"",""1627357737826021378"",""bindonews"""
"1672194040551608323,""Fri Jun 23 10:45:01 +0000 2023"",""1"",""Perusahaan Patungan GOTO dan TOBA Bangun Pabrik Motor Listrik Pertamanya di Indonesia https://t.co/mgqphIufkU #KendaraanListrik"",""1672194040551608323"","""","""",""in"",""Jakarta, Indonesia"",""0"",""0"",""0"",""https://x.com/KontanNews/status/1672194040551608323"",""43799886"",""KontanNews"""
"1672182223586615296,""Fri Jun 23 09:58:04 +0000 2023"",""1"",""Electrum Perusahaan Patungan GOTO dan TOBA Produksi Motor Listrik https://t.co/f6s4zHXAAR"",""1672182223586615296"","""","""",""in"",""Jakarta"",""0"",""0"",""3"",""https://x.com/KATADATAcoid/status/1672182223586615296"",""552523769"",""KATADATAcoid"""
"1672152292479623168,""Fri Jun 23 07:59:08 +0000 2023"",""0"",""Perusahaan patungan GoTo dan PT TBS Energi Utama Tbk (TOBA) Electrum bangun pabrik motr listrik dengan kapasitas 250.000 unit per tahunnya di Cikarang Jawa Barat. #bisnisupdate #update #bisnis https://t.co/bXt0a37gp7"",""1672152292479623168"","""","""",""in"","""",""0"",""0"",""0"",""https://x.com/kumparan/status/1672152292479623168"",""759692754985242625"",""kumparan"""
"1672143233965776896,""Fri Jun 23 07:23:08 +0000 2023"",""0"",""Setelah Pandemi Covid-19 GOTO Grab dan Shoppee tercatat melakukan beberapa kali PHK dengan jumlah karyawan terdampak total lebih dari 1.000 per perusahaan. https://t.co/iVx7CYxrQ8"",""1672143233965776896"","""","""",""in"",""Jakarta, Indonesia"",""0"",""0"",""1"",""https://x.com/Bisniscom/status/1672143233965776896"",""118646322"",""Bisniscom"""
"1672135538927874049,""Fri Jun 23 06:52:33 +0000 2023"",""1"",""Pabrik Electrum perusahaan patungan PT TBS Energi Utama Tbk. dan PT GoTo Gojek Tokopedia Tbk. ditargetkan memiliki kapasitas produksi 250.000 unit per tahun. https://t.co/0gowJr9HTc"",""1672135538927874049"","""","""",""in"",""Jakarta, Indonesia"",""0"",""0"",""0"",""https://x.com/Bisniscom/status/1672135538927874049"",""118646322"",""Bisniscom"""
"1671678472459288577,""Thu Jun 22 06:40:24 +0000 2023"",""0"",""@diaryCLLe @infojakarta perusahaan nya bukan punya BUMD jd gak mungkin. Tar GoTo bangkrut"",""1671770093142052864"","""",""diaryCLLe"",""in"","""",""0"",""0"",""0"",""https://x.com/7sun80/status/1671770093142052864"",""1414578199023931399"",""7sun80"""
"1671762448972660736,""Thu Jun 22 06:10:02 +0000 2023"",""0"",""Program Perusahaan Terus Dilanjutkan GPF Kembali Alihkan 666 55 Juta Lembar Saham GOTO https://t.co/NUSNDNX9Ez"",""1671762448972660736"","""","""",""in"",""Jakarta, Indonesia"",""0"",""0"",""0"",""https://x.com/WartaEkonomi/status/1671762448972660736"",""30617522"",""WartaEkonomi"""
"1671453954004385792,""Wed Jun 21 09:44:11 +0000 2023"",""0"",""Berdasarkan laporan PT GoTo menjadi perusahaan teknologi Indonesia yang paling banyak melakukan PHK terhadap pegawainya sejak tahun 2020 silam. #goodstats #gnfi https://t.co/GzXpsGiX5y"",""1671453954004385792"","""","""",""in"",""Indonesia"",""0"",""0"",""1"",""https://x.com/GoodStatsid/status/1671453954004385792"",""1455891922300456968"",""GoodStatsid"""
"1671416920707584001,""Wed Jun 21 07:17:01 +0000 2023"",""0"",""[Manfaat Business Plan] Hello Mathician! Kalian tau ga sih lomba yang sering diadakan perusahaan besar seperti GoTo Paragon dan Unilever?Yap itu lomba Business Plan. Tapi teman-teman tau ga sih manfaat dari business plan itu? Penasaran kan apa aja yuk simak postingan ini https://t.co/NvFBbcMszM"",""1671416920707584001"",""https://pbs.twimg.com/media/FzIQz2NaAAEg3IR.jpg"","""",""in"","""",""0"",""1"",""0"",""https://x.com/ASMATUNDIP/status/1671416920707584001"",""532694963"",""ASMATUNDIP"""
"1671381882116935681,""Wed Jun 21 05:14:19 +0000 2023"",""3"",""Selain Grab beberapa perusahaan tech seperti Sea Limited dan GoTo juga mengurangi jumlah karyawan. Sea Ltd memotong 7000 karyawan (10% dari jumlah total karyawan) pada tahun 2022 GoTo juga memotong 12% karyawannya tahun lalu dan 600 lagi pada bulan Maret 2023. https://t.co/g91WQTnxJs"",""1671386040601542656"",""https://pbs.twimg.com/media/FzH0GgvaIAI2d0p.png"",""TMIHARINI"",""in"","""",""0"",""1"",""0"",""https://x.com/TMIHARINI/status/1671386040601542656"",""1632670728503058439"",""TMIHARINI"""
"1670815996591099904,""Tue Jun 20 03:07:49 +0000 2023"",""0"",""@keranplastik @DemokrasiMartir Mungkin setornya banyak... Nadiem anak emas luhut perusahaan mereka aja join garap motor listrik yg dapat subsidi pemerintah. Toba group+goto=electum"",""1670991818761310208"","""",""keranplastik"",""in"",""Malang, Jawa Timur"",""0"",""1"",""0"",""https://x.com/yanpanjie/status/1670991818761310208"",""868004863"",""yanpanjie"""
"1670032381192077314,""Sat Jun 17 11:35:22 +0000 2023"",""8"",""Kas dan setara Kas milik Perusahaan Astra (ASII): Rp 72 T United Tractors (UNTR): Rp 46 T Adaro (ADRO) : Rp 45 T Telkom (TLKM): Rp 30 T Goto (GOTO) : Rp 27 T Mandiri (BMRI) : Rp 27 T Barito (BRPT) : Rp 26 T Indofood (INDF) : Rp 25 T BRI (BBRI) : Rp 24 T PGN (PGAS) : Rp 24 T"",""1670032381192077314"","""","""",""in"",""Indonesia"",""0"",""1"",""4"",""https://x.com/yossygirsang/status/1670032381192077314"",""266100204"",""yossygirsang"""
"1669228430557151233,""Thu Jun 15 06:20:45 +0000 2023"",""0"",""Patrick dilaporkan akan mengundurkan diri begitu target profitabilitas GoTo tercapai. Posisinya di perusahaan lain juga menjadi sebab munculnya dugaan ini. https://t.co/ViDpZW4pAq"",""1669228430557151233"","""","""",""in"",""Indonesia"",""0"",""0"",""0"",""https://x.com/TechinAsia_ID/status/1669228430557151233"",""1578524700"",""TechinAsia_ID"""
"1668388072093016064,""Tue Jun 13 09:13:45 +0000 2023"",""0"",""@ahmadyazid00 @manutd_world Saham naik kaga harus jual perusahaan biar saham naik gorengan aja itu saham ke media pasti bakal nakk contohnya di indo ada GOTO klo crypto yg suka goreng elon musk wkwk"",""1668547193639440385"","""",""ahmadyazid00"",""in"","""",""0"",""0"",""0"",""https://x.com/ayunk194/status/1668547193639440385"",""1360021806581620736"",""ayunk194"""
"1668482153649410049,""Tue Jun 13 04:55:18 +0000 2023"",""1"",""Ganti Dirut Bikin Saham GOTO Meroket? Emiten teknologi PT GoTo Gojek Tokopedia Tbk. (GOTO) telah melakukan perubahan dalam susunan dewan komisaris dan direksi. Perusahaan memilih Patrick Sugito Walujo sebagai CEO yang menggantikan Andre Soelistyo. https://t.co/0JXekKElSg"",""1668482153649410049"",""https://pbs.twimg.com/media/FyejhSWaIAAK9HP.jpg"","""",""in"",""Jakarta"",""0"",""1"",""0"",""https://x.com/Bisnismudaid/status/1668482153649410049"",""461987580"",""Bisnismudaid"""
"1668126593351557120,""Mon Jun 12 05:22:26 +0000 2023"",""1"",""Ada Bos GOTO Belanja Saham Perusahaan Dapat Harga Segini https://t.co/tnxsEiqggZ"",""1668126593351557120"","""","""",""in"",""Jakarta, Indonesia"",""0"",""0"",""0"",""https://x.com/InvestorID/status/1668126593351557120"",""238091066"",""InvestorID"""
"1667103121666080768,""Fri Jun 09 09:35:32 +0000 2023"",""2"",""Merger dua perusahaan unicorn sejatinya merupakan proses akuisisi Tokopedia sebagai anak usaha Gojek. Setelah terbentuk nama perusahaan diubah dari PT Aplikasi Karya Anak Bangsa menjadi PT GoTo Gojek Tokopedia. https://t.co/QicCvsDs3O"",""1667103121666080768"","""","""",""in"",""Indonesia"",""0"",""0"",""0"",""https://x.com/tempodotco/status/1667103121666080768"",""18129942"",""tempodotco"""
"1666749781312675840,""Fri Jun 09 09:29:06 +0000 2023"",""0"",""Manajemen GOTO menyebut alasan penunjukkan Patrick tak datang secara tiba-tiba. Melainkan melalui proses yang cukup panjang. Terlebih lagi perusahaan saat ini sedang dalam proses mengejar EBITDA yang disesuaikan positif di akhir tahun. Baca selengkapnya: https://t.co/7nJzMJCpcI"",""1667101505277788160"","""",""KATADATAcoid"",""in"",""Jakarta"",""0"",""1"",""0"",""https://x.com/KATADATAcoid/status/1667101505277788160"",""552523769"",""KATADATAcoid"""
"1667056473879502849,""Fri Jun 09 06:30:10 +0000 2023"",""1"",""Perusahaan GOTO menunjuk Thomas Husted untuk menduduki di kursi wakil presiden direktur sekaligus COO GOTO. https://t.co/hZI2VZDvtW"",""1667056473879502849"","""","""",""in"",""Jakarta Capital Region"",""0"",""0"",""0"",""https://x.com/cnbcindonesia/status/1667056473879502849"",""847372542830444544"",""cnbcindonesia"""
"1667023525918703617,""Fri Jun 09 04:19:15 +0000 2023"",""1"",""Diganti biar naikin profitabilitas nih Peneliti Indef Nailul Huda berpendapat penunjukkan Patrick sebagai upaya GOTO dalam mempercepat tujuan perusahaan untuk mencapai Ebitda (pendapatan sebelum bunga pajak dan amortisasi) positif dan lain sebagainya. https://t.co/PiTuiF9UPR"",""1667023525918703617"",""https://pbs.twimg.com/media/FyJ0ZoEaEAAfCEE.jpg"","""",""in"",""Jakarta, Indonesia"",""0"",""1"",""0"",""https://x.com/Bisniscom/status/1667023525918703617"",""118646322"",""Bisniscom"""
"1666964845089153024,""Fri Jun 09 00:26:04 +0000 2023"",""1"",""Pengalaman Patrick di beberapa perusahaan atau lembaga menjadi salah satu bekal menuju hal tersebut GOTO yang lebih profit https://t.co/g4zgU6NaIc"",""1666964845089153024"","""","""",""in"",""Jakarta, Indonesia"",""0"",""0"",""0"",""https://x.com/Bisniscom/status/1666964845089153024"",""118646322"",""Bisniscom"""
"1666833537759334406,""Thu Jun 08 15:44:18 +0000 2023"",""0"",""biasanya induk perusahaan melahirkan anak perusahaan di GoTo induk perusahaan berdiri hasil jogres anak-anak perushaannya"",""1666833537759334406"","""","""",""in"","""",""0"",""0"",""0"",""https://x.com/alfahsy/status/1666833537759334406"",""462998185"",""alfahsy"""
"1666795086938791938,""Thu Jun 08 13:11:42 +0000 2023"",""90"",""Jika kita bercerita mengenai Northstar &amp  sosok PW ada banyak emiten perusahaan terbuka yang sebenarnya cukup bisa diulas. $AMRT $BTPN $BFIN $TUGU $ESSA $ISAT $TAPG $KINO Selain itu PW cukup identik denagn startup-populer seperti E-Fishery serta kolaborasi emas $GOTO &amp  $ARTO https://t.co/9Hm4EKSqqq"",""1666795133751427074"",""https://pbs.twimg.com/media/FyGlVjeaIAAzphd.jpg"",""SocialiteGhibah"",""in"",""Adelaide, South Australia"",""0"",""2"",""10"",""https://x.com/SocialiteGhibah/status/1666795133751427074"",""1379401879076020228"",""SocialiteGhibah"""
"1666786292326346752,""Thu Jun 08 12:36:34 +0000 2023"",""0"",""Ada yg menarik hari ini. $ARTO naik drastis  $GOTO jg closing hijau. semua mengarah ke 1 nama: Pak Patrick Walujo  sang punggawa Northstar : perusahaan investasi terkemuka Indonesia dengan portofolio pada sejumlah perusahaan finansial. sudi daku melirik $GOTO utk investing"",""1666786292326346752"","""","""",""in"",""medan"",""0"",""0"",""0"",""https://x.com/WOLF_of_IHSG/status/1666786292326346752"",""1509144342480498691"",""WOLF_of_IHSG"""
"1666773610663669760,""Thu Jun 08 11:49:50 +0000 2023"",""3"",""Pondasi yang coba dibangun Andre di GoTo sebagai perusahaan publik akan dilanjutkan oleh nama yang dinominasikan yaitu Patrick Walujo. Bukan nama baru sebenarnya di GoTo karena Patrick sendiri adalah salah satu investor paling awal Gojek dulu."",""1666774533502799872"","""",""Strategi_Bisnis"",""in"","""",""0"",""1"",""0"",""https://x.com/Strategi_Bisnis/status/1666774533502799872"",""190535830"",""Strategi_Bisnis"""
"1666773610663669760,""Thu Jun 08 11:49:30 +0000 2023"",""1"",""GoTo di bawah Andre ini juga berani ambil langkah untuk go public dan IPO tahun lalu di tengah kondisi market yang sebenarnya lesu. Ia jg bekerja menyiapkan strategi agar GoTo dpt percepat profitability dan siap jd perusahaan yang profitabel dg integrasi lini bisnis di GoTo."",""1666774450463969281"","""",""Strategi_Bisnis"",""in"","""",""0"",""1"",""0"",""https://x.com/Strategi_Bisnis/status/1666774450463969281"",""190535830"",""Strategi_Bisnis"""
"1666773610663669760,""Thu Jun 08 11:46:38 +0000 2023"",""2"",""Kalau disimak keputusan Ini seakan makin membuktikan kalau GoTo ini memang benar masuk ke fase baru perusahaan yang lebih dewasa atau mature dan mengedepankan bisnis yang lebih berkelanjutan"",""1666773729375064068"","""",""Strategi_Bisnis"",""in"","""",""0"",""1"",""0"",""https://x.com/Strategi_Bisnis/status/1666773729375064068"",""190535830"",""Strategi_Bisnis"""
"1666749781312675840,""Thu Jun 08 10:11:29 +0000 2023"",""2"",""PT GoTo Gojek Tokopedia Tbk akan melakukan perubahan pengurus dalam agenda RUPST &amp  RUPSLB pada 30 Juni mendatang. Perusahaan menominasikan Patrick Walujo sebagai direktur utama atau CEO. Baca selengkapnya: https://t.co/rX0eLCa6Ft #Berita #GoTo #PatrickWalujo #AndreSoelistyo https://t.co/eXkcjsvXm6"",""1666749781312675840"",""https://pbs.twimg.com/media/FyF7H78aUAMZeMO.jpg"","""",""in"",""Jakarta"",""0"",""2"",""0"",""https://x.com/KATADATAcoid/status/1666749781312675840"",""552523769"",""KATADATAcoid"""
"1666738356599025665,""Thu Jun 08 09:26:05 +0000 2023"",""1"",""Patrick Walujo ditunjuk menjadi bos GOTO menggantikan Andre Soelistyo. Ada misi khusus bos Northstar Group itu menakhodai perusahaan teknologi itu. https://t.co/wV5dhDtVXB"",""1666738356599025665"","""","""",""in"",""Jakarta, Indonesia"",""0"",""0"",""0"",""https://x.com/Bisniscom/status/1666738356599025665"",""118646322"",""Bisniscom"""
"1666734218121203712,""Thu Jun 08 09:09:38 +0000 2023"",""80"",""[BREAKING] GoTo ganti CEO! Patrick Walujo turun gunung menjadi CEO. Andre Soelistyo digeser menjadi komisaris perusahaan."",""1666734218121203712"","""","""",""in"",""Jakarta Capital Region"",""8"",""8"",""20"",""https://x.com/BigAlphaID/status/1666734218121203712"",""958566590768926721"",""BigAlphaID"""
"1666723411513712643,""Thu Jun 08 08:26:42 +0000 2023"",""66"","" Softbank Vision Fund mengalami kerugian mencapai 4 3 triliun yen (Rp 473 triliun). Salah satu penyebabnya menurut perusahaan tersebut adalah harga saham GoTo. https://t.co/j4nYebruAk"",""1666723411513712643"","""","""",""in"",""Indonesia"",""2"",""1"",""33"",""https://x.com/NephilaXmus/status/1666723411513712643"",""62764588"",""NephilaXmus"""
"1666272888956260352,""Wed Jun 07 02:36:30 +0000 2023"",""0"",""Perusahaan patungan GoTo Gojek Tokopedia dan Unilever GoToko menutup layanan sejak bulan lalu (15/5). Mantan pendiri bercerita tentang jatuh bangun membangun bisnis warung digital. Baca selengkapnya: https://t.co/5JbAfl9vJZ #GoToko #Gojek #Tokopedia #Unilever"",""1666272893741989888"","""",""KATADATAcoid"",""in"",""Jakarta"",""0"",""1"",""0"",""https://x.com/KATADATAcoid/status/1666272893741989888"",""552523769"",""KATADATAcoid"""
"1665909273078165504,""Tue Jun 06 02:31:37 +0000 2023"",""1"",""Aksi borong investor terhadap saham PT GoTo Gojek Tokopedia Tbk terus berlanjut pada perdagangan awal pekan ini Senin (5/6). Kendati saham perusahaan teknologi ini menyentuh batasan auto rejection bawah (ARB) di sesi pertama. Selengkapnya: https://t.co/Zrsw3DgrgI #Saham #GoTo"",""1665909275754119168"","""",""KATADATAcoid"",""in"",""Jakarta"",""0"",""1"",""0"",""https://x.com/KATADATAcoid/status/1665909275754119168"",""552523769"",""KATADATAcoid"""
"1665623753756389376,""Mon Jun 05 07:37:03 +0000 2023"",""0"",""Asosiasi Ekosistem Mobilitas Listrik (AEML) resmi terbentuk beranggotakan Pertamina GOTO Adaro dan beberapa perusahaan lainnya. https://t.co/fXidzzJaMM"",""1665623753756389376"","""","""",""in"",""Jakarta, Indonesia"",""0"",""0"",""0"",""https://x.com/Bisniscom/status/1665623753756389376"",""118646322"",""Bisniscom"""
"1665619738352046080,""Mon Jun 05 07:21:05 +0000 2023"",""0"",""GoTo Trending di Twitter Kena ARB 15 Persen Buat Investor Heboh: Masuk List Top Looser Pagi Ini: Pemilik saham Gojek-Tokopedia (GoTo) membanjiri media sosial setelah saham di perusahaan tersebut mengalami ARB 15 persen. https://t.co/BHHuO0RPdE"",""1665619738352046080"","""","""",""in"",""Indonesia"",""0"",""0"",""0"",""https://x.com/pikiran_rakyat/status/1665619738352046080"",""58880688"",""pikiran_rakyat"""
"1665616242731028487,""Mon Jun 05 07:07:12 +0000 2023"",""1"",""GOTO Adaro hingga Pertamina dan beberapa perusahaan lainnya resmi membentuk Asosiasi Ekosistem Mobilitas Listrik (AEML) di Indonesia. https://t.co/5m6KcHbmG1"",""1665616242731028487"","""","""",""in"",""Jakarta, Indonesia"",""0"",""0"",""0"",""https://x.com/Bisniscom/status/1665616242731028487"",""118646322"",""Bisniscom"""
"1665614695380942848,""Mon Jun 05 07:01:03 +0000 2023"",""0"",""PT GoTo Gojek Tokopedia Tbk (GOTO) membenarkan kabar perusahaan yang menutup kantor cabang di Pune India. Dilakukan untuk demi mempertahankan pertumbuhan bisnis di sektor GoTo Financial. https://t.co/2ul9HtCJGX"",""1665614695380942848"","""","""",""in"","""",""0"",""0"",""2"",""https://x.com/kumparan/status/1665614695380942848"",""759692754985242625"",""kumparan"""
"1665606158881800193,""Mon Jun 05 06:27:08 +0000 2023"",""1"",""PT GoTo Gojek Tokopedia Tbk (GOTO) membenarkan kabar perusahaan yang menutup kantor cabang di Pune India. Dilakukan untuk demi mempertahankan pertumbuhan bisnis di sektor GoTo Financial. https://t.co/Zbe3qmubHj"",""1665606158881800193"","""","""",""in"","""",""0"",""0"",""0"",""https://x.com/kumparan/status/1665606158881800193"",""759692754985242625"",""kumparan"""
"1664817476658688005,""Sat Jun 03 03:50:04 +0000 2023"",""0"",""@Heraloebss TELKOMSEL itu dari TELKOM Lha TELKOM itu menginvestasikan sebagian besar dananya ke GOTO lalu GOTO kan selama beberapa tahun tidak profit tetapi menghasilkan pertumbuhan yang pesat lalu aturan sekarang dinaikinlah TELKOM dan GOTO agar kedua perusahaan tersebut tidak merugi"",""1664841856042291200"","""",""Heraloebss"",""in"","""",""0"",""0"",""0"",""https://x.com/ArdianLestari2/status/1664841856042291200"",""1566673221805428737"",""ArdianLestari2"""
"1664663103659999232,""Fri Jun 02 16:20:57 +0000 2023"",""0"",""pas awal-awal mungkin masih okayy lalu bagaimana jika perusahaan yang dimodalkan berhasil loncat tinggi dan berlipat-lipat? tentunya perang kepentingannya akan semakin membesar...... (mungkin itu yaa yang terjadi sama IPO nya GOTO )"",""1664668432892145665"","""",""cestlavie02x"",""in"","""",""0"",""1"",""0"",""https://x.com/cestlavie02x/status/1664668432892145665"",""1178322261410869249"",""cestlavie02x"""
"1664593429358321664,""Fri Jun 02 11:22:54 +0000 2023"",""2"",""GOTO ngacirr ke 147 nah ternyata banyak investor asing borong saham GOTO ini. salah satunya adalah Blackrock. Dilaporkan juga di https://t.co/ptP8iWqhF8 bahwa Blackrock juga mengoleksi GOTO melalui fund dan anak perusahaan lainnya. Selain Blackrock ada investor lainnya yg juga https://t.co/ZyfL4UJasB"",""1664593429358321664"",""https://pbs.twimg.com/ext_tw_video_thumb/1664593228514091009/pu/img/YngNQARezc-O7uv_.jpg"","""",""in"",""Jakarta,Indonesia"",""0"",""1"",""2"",""https://x.com/jsxproid/status/1664593429358321664"",""73353346"",""jsxproid"""
"1662380633136455680,""Sun May 28 01:54:46 +0000 2023"",""0"",""@p4piKRiS @koh_otterr @PartaiSocmed @VoyagerMachine @verozika Gojek dan GOTO sesuatu yg beda pak 2 perusahan yg beda. Kenaikan dan penurunan nilai saham sebenarnya tidak tidak berpengaruh secara langsung terhadap kekayaan seseorang nilai saham baru bisa berpengaruh jika perusahaan sudah melakukan bagi hasil dan atau sahamnya dijual"",""1662638511089160192"","""",""p4piKRiS"",""in"",""Gowa, Sulawesi Selatan"",""0"",""3"",""0"",""https://x.com/AntiRibaPropert/status/1662638511089160192"",""1120853837575647232"",""AntiRibaPropert"""
"1662497538858188800,""Sat May 27 16:43:45 +0000 2023"",""0"",""Lagi baca annual reportnya GOTO kaget aja gak sengaja liat bagian itu. Baru kali ini aku liat ada perusahaan yang mencantumkan gender lebih dari 2."",""1662499845205266433"","""",""rivankadiary"",""in"","""",""0"",""0"",""0"",""https://x.com/rivankadiary/status/1662499845205266433"",""1294114909710516225"",""rivankadiary"""
"1662497538858188800,""Sat May 27 16:34:35 +0000 2023"",""0"",""Apapun alasannya saya tidak mendukung ada perusahaan publik yang listing di @IDX_BEI secara terang-terangan mendukung LGBT. Gender itu hanya ada 2 male or female @gojekindonesia @tokopedia #GOTO #Gojek #Tokopedia https://t.co/kcWKx2JJw6"",""1662497538858188800"",""https://pbs.twimg.com/media/FxJgsuraQAArsvP.jpg"","""",""in"","""",""0"",""1"",""0"",""https://x.com/rivankadiary/status/1662497538858188800"",""1294114909710516225"",""rivankadiary"""
"1662380633136455680,""Sat May 27 13:59:27 +0000 2023"",""1"",""@rangkutifuat @PartaiSocmed Dia foundernya Goto. Senyungsepnya Goto nilainya udah bisa jadi sudah puluhan kali dari nilai saat perusahaan dibuat"",""1662458499320942592"","""",""rangkutifuat"",""in"",""Indonesia"",""0"",""1"",""0"",""https://x.com/3riyanto/status/1662458499320942592"",""184856652"",""3riyanto"""
"1662058509398339584,""Fri May 26 19:11:46 +0000 2023"",""0"",""@kebab_maryam @asumsico dia gk ngapa-ngapain pun selama perusahaan goto masih jalan juga duitnya naik naik sendiri"",""1662174705938501633"","""",""kebab_maryam"",""in"",""131"",""0"",""0"",""0"",""https://x.com/quantumdotss/status/1662174705938501633"",""1110888346555830273"",""quantumdotss"""
"1662058509398339584,""Fri May 26 19:09:37 +0000 2023"",""0"",""@fhrezakmal @VELLIONX @mamang_sat @asumsico Goto hardware anak perusahaan goto jg"",""1662174166454517760"","""",""quantumdotss"",""in"",""Tokyo-to, Japan"",""0"",""0"",""0"",""https://x.com/merkremont/status/1662174166454517760"",""898907698221023233"",""merkremont"""
"1661902203081359360,""Fri May 26 03:25:09 +0000 2023"",""19"",""@oemarch @sociotalker Sejahtera soalnya perusahaan masih awal berdiri bakar uang dari investor masih banyak coba cek laporan keuangan GOTO apa pernah untung? Skarang gak lebih sejahtera karena sudah mature perusahaannya investor lebih sedikit ga bisa bakar uang bar-bar kyak dulu"",""1661936484256215040"","""",""pisangrebuus"",""in"",""Sembalun"",""1"",""3"",""2"",""https://x.com/nantihujan/status/1661936484256215040"",""4000991206"",""nantihujan"""
"1661549069020565504,""Thu May 25 01:45:42 +0000 2023"",""0"",""PT GoTo Gojek Tokopedia Tbk (GOTO) berencana menambah Modal Perusahaan Terbuka dengan memberikan Hak Memesan Efek Terlebih Dahulu (PMTHMETD) #stockmarket #tradingnews #marketnews #newsupdate #investing #financenews #IHSG https://t.co/WvZegkFZS0"",""1661549069020565504"","""","""",""in"",""Jakarta Capital Region"",""0"",""0"",""0"",""https://x.com/idx_channel/status/1661549069020565504"",""4755284968"",""idx_channel"""
"1661286992401793024,""Wed May 24 12:52:06 +0000 2023"",""2"",""@profesor_saham @IDX_BEI Dikatakan Investor minimal sesuai propektus ipo yaitu 5-10 tahun proyeksi harusnya ya $GOTO blum ada 2 th melantai dibursa masih floating lose kalo asumsi ambil IPO . $GOTO ini punya MOAT yg besar . Perusahaan karyawan pekerjaannya jelas sekalipun bye aset msh ada"",""1661354386474569728"","""",""profesor_saham"",""in"",""Kulon Progo, Yogyakarta"",""0"",""0"",""0"",""https://x.com/Surya_4L/status/1661354386474569728"",""519617075"",""Surya_4L"""
"1661199027357245440,""Wed May 24 02:34:50 +0000 2023"",""0"",""Top News 5: Sejumlah investor institusi gencar menjual sahamnya di perusahaan teknologi PT GoTo Gojek Tokopedia Tbk (GOTO) sejak awal Mei 2023. Investor mana saja yang melepas saham GOTO? Apa penyebabnya? #GOTO #Gojek #Tokopedia Selengkapnya: https://t.co/iY55OE2X9Z"",""1661199044272885763"","""",""KATADATAcoid"",""in"",""Jakarta"",""0"",""0"",""0"",""https://x.com/KATADATAcoid/status/1661199044272885763"",""552523769"",""KATADATAcoid"""
"1660816678081658880,""Tue May 23 01:15:27 +0000 2023"",""0"",""Saham goto masih rendah mungkin karena masih ada proses bagi-bagi gratis. Kek gak ada hargane dan perusahaan masih rugi terus."",""1660816678081658880"","""","""",""in"",""yogyakarta"",""0"",""1"",""0"",""https://x.com/GojekMilangKori/status/1660816678081658880"",""1106062688889667585"",""GojekMilangKori"""
"1659514321875943425,""Fri May 19 11:00:21 +0000 2023"",""0"",""Kami merangkum data dan metrik-metrik bisnis dari enam perusahaan teknologi di Asia Tenggara seperti Sea Grab GoTo Bukalapak dan lainnya. https://t.co/939bGRIRzm"",""1659514321875943425"","""","""",""in"",""Indonesia"",""0"",""0"",""0"",""https://x.com/TechinAsia_ID/status/1659514321875943425"",""1578524700"",""TechinAsia_ID"""
"1658696392167284737,""Wed May 17 04:50:11 +0000 2023"",""1"",""Fitur2 laporan yg tidak berguna klo ujung2nya jawabannya hrs punya maps sendiri. Ya klo gtuh gojek harus punya maps sendiri donk. Sekelas GOTO perusahaan yg skrg .Tbk masa ga mampu. @gojekindonesia https://t.co/AS4KeyGLbU https://t.co/J6qsxeGGvK"",""1658696392167284737"",""https://pbs.twimg.com/media/FwTfi4saEAE3AB2.jpg"","""",""in"","""",""0"",""1"",""0"",""https://x.com/Said_Noegrrr/status/1658696392167284737"",""212620806"",""Said_Noegrrr"""
"1658295661790629888,""Tue May 16 02:17:50 +0000 2023"",""2"",""Manajemen goto selaku perusahaan gojek dan tokopedia dalam waktu akan merilis gopay menjadi aplikasi tersendir jadi konsepnya mirip seperti Ovo Virgo flip dan Dana.gopay versi baru sudah tersedia di play store dan App store konsep layanannya sama dengan ovo atau flip.tegas goto."",""1658295661790629888"","""","""",""in"",""Surakarta, Jawa Tengah"",""0"",""0"",""1"",""https://x.com/AlbertSolo2/status/1658295661790629888"",""980097559736721408"",""AlbertSolo2"""
"1658004547930050560,""Mon May 15 07:01:03 +0000 2023"",""0"",""Head of Corporate Affairs GoTo Financial Audrey Petriny mengatakan langkah perusahaan untuk spin off aplikasi ini sejalan dengan visi GoPay untuk menjangkau lebih banyak pengguna. #bisnisupdate https://t.co/ly59VKS6Zh"",""1658004547930050560"","""","""",""in"","""",""0"",""0"",""0"",""https://x.com/kumparan/status/1658004547930050560"",""759692754985242625"",""kumparan"""
"1657860844011786241,""Mon May 15 02:48:29 +0000 2023"",""0"",""@tanyakanrl Aku recommended kamu buat pakai Bank Jago ini anak perusahaan GoTo udh legit ter-autentikasi di OJK dan LSP juga. Lalu pake sistem bank digital jadi semua hal dilakukan dari Hp. Even cetak kartu fisiknya juga really efficient and comes in handy. Silahkan cek di Appstore:)"",""1657940989494067201"","""",""tanyakanrl"",""in"",""Jakarta Capital Region, Indone"",""0"",""3"",""0"",""https://x.com/vampstag/status/1657940989494067201"",""1603554945659469824"",""vampstag"""
"1656833684433956869,""Fri May 12 11:02:58 +0000 2023"",""0"",""@TokopediaCare Dr semua yg di tag di thread ini cuma toped yg care mkn yakin hold saham $GOTO..@JNE_ID kyk gini nih perusahaan bagus belajar gih..."",""1656978268086743040"","""",""TokopediaCare"",""in"",""Indonesia"",""0"",""0"",""0"",""https://x.com/ciacengeric/status/1656978268086743040"",""120966785"",""ciacengeric"""
"1656852587705171969,""Fri May 12 04:14:32 +0000 2023"",""1"",""@Miduk17 Di resuffle tapi jadi komisaris di 2 perusahaan yg hasilkan penanaman 6T telkomsel ke GOTO yg jeblok.."",""1656875479885041664"","""",""JhonSitorus_18"",""in"","""",""0"",""0"",""0"",""https://x.com/msyuono/status/1656875479885041664"",""309529780"",""msyuono"""
"1656561063486423040,""Thu May 11 07:50:32 +0000 2023"",""53"",""Selingan: Saat perusahaan patungan keponakan Lord dan GOTO udah melistrikkan motor2 ojol (jadi penikmat subsidikah?) ... maka beginilah kondisi Halte Pamerah di 2033 ... Gpp ... yang penting motornya hijau ... *love* *love* https://t.co/BYWb3oEqyD"",""1656567451004592129"",""https://pbs.twimg.com/media/Fv1PBbvaIAAvwVb.png"",""elisa_jkt"",""in"",""Jakarta"",""0"",""1"",""22"",""https://x.com/elisa_jkt/status/1656567451004592129"",""44556194"",""elisa_jkt"""
"1656298128973213696,""Wed May 10 14:00:21 +0000 2023"",""0"",""Kami merangkum data dan metrik-metrik bisnis dari enam perusahaan teknologi di Asia Tenggara seperti Sea Grab GoTo Bukalapak dan lainnya. https://t.co/ZAOS0lM9uF"",""1656298128973213696"","""","""",""in"",""Indonesia"",""0"",""0"",""0"",""https://x.com/TechinAsia_ID/status/1656298128973213696"",""1578524700"",""TechinAsia_ID"""
"1656192785240973312,""Wed May 10 07:11:58 +0000 2023"",""0"",""@afnanboma10 Gue bicara dari sisi bisnis ya suka ga suka emang cuan kan yg dicari? Tujuan bisnis emang gitu kecuali jeketi itu badan amal non profit. Atau perusahaan start up kek GOTO Grab yg punya investor gede buat bakar duit demi nyari konsumen. Investor pasti punya pertimbangan."",""1656195357368549376"","""",""afnanboma10"",""in"","""",""1"",""2"",""0"",""https://x.com/chaeruga/status/1656195357368549376"",""1509865109833003009"",""chaeruga"""
"1655833523721474048,""Tue May 09 07:18:47 +0000 2023"",""4"",""Keterlibatan Luhut dan Nadiem terlihat melalui TBS Energi Utama Tbk (Toba) dan PT GoTo Gojek Tokopedia Tbk (GOTO) yg mendirikan perusahaan patungan bernama Electrum yg sudah kerja sama dgn Pertamina dan Gogoro Inc perusahaan energi dan produsen kendaraan listrik asal Taiwan. https://t.co/zb9mCGdesg"",""1655834684138614785"",""https://pbs.twimg.com/media/Fvq03hPaQAEVqQE.jpg"",""Kita_Berlogika"",""in"",""Banten, Indonesia"",""0"",""2"",""4"",""https://x.com/Kita_Berlogika/status/1655834684138614785"",""1646046450508505088"",""Kita_Berlogika"""
"1655522934616899585,""Mon May 08 13:35:47 +0000 2023"",""4"",""@sbyfess UT ga dipandang perusahaan kecil? Temenku banyak yang lulusan UT dan banyak yang kerja di Blibli Goto Loket Tiket Unilever dsb atau Lanjut S2 di LN yo onok. Temen2mu kalo ga tahu mending diam jangan sok tau."",""1655567171601444864"","""",""sbyfess"",""in"","""",""0"",""0"",""0"",""https://x.com/kindharika/status/1655567171601444864"",""1407881337336262664"",""kindharika"""
"1655097631251595264,""Sun May 07 09:52:26 +0000 2023"",""15"",""@democrazymedia Sdh enak ente bro..bgmn tuh investasi telkomsel ke perusahaan GoTo 6 4T yg kapitalisasi sahamnya nyungsep..siapa yg tg jwb?? https://t.co/ok9odbjup3"",""1655148574928441349"",""https://pbs.twimg.com/media/FvhE23XaIAE04Bm.jpg"",""democrazymedia"",""in"","""",""0"",""1"",""3"",""https://x.com/Legislator75/status/1655148574928441349"",""1563956377478778880"",""Legislator75"""
"1654490672504643588,""Fri May 05 14:18:09 +0000 2023"",""0"",""Program bagi saham dari PT GoTo Gojek Tokopedia Tbk. dinilai bisa menjadi contoh perusahaan di industri lain. https://t.co/H5Vs3tPzDS"",""1654490672504643588"","""","""",""in"",""Jakarta, Indonesia"",""0"",""0"",""0"",""https://x.com/Bisniscom/status/1654490672504643588"",""118646322"",""Bisniscom"""
"1654091362822950912,""Fri May 05 10:17:59 +0000 2023"",""0"",""@secgron @gojekindonesia Sejak @gojekindonesia dan @tokopedia melantai di IHSG dengan nama GOTO dan saham nya anjlok sampai perhari ini sejak itulah gojek dan tokopedia mencari celah untuk menutupi kerugian perusahaan akibat GOTO. Lihat saja tambahan biaya saat checkout di @TokopediaCare"",""1654430230591979520"","""",""secgron"",""in"",""Medan Barat, Indonesia"",""0"",""0"",""0"",""https://x.com/bembenk_bolank/status/1654430230591979520"",""753508064"",""bembenk_bolank"""
"1654414920543506432,""Fri May 05 09:17:09 +0000 2023"",""0"",""Kerjasama Bank Jago dan GoTo Bagi Integritas Kedua Perusahaan Kerja sama yang dilakukan oleh Bank Jago dan GoTo nampaknya memang mendapatkan respon cukup maksimal dari semua akses terbarukan di dunia perusahaan. Dua pihak dalam perusahaan ini menjadi ... https://t.co/zk1nfdKaVT"",""1654414920543506432"","""","""",""in"","""",""0"",""0"",""0"",""https://x.com/InFinance_/status/1654414920543506432"",""1613485591085318144"",""InFinance_"""
"1654346110763253762,""Fri May 05 04:43:43 +0000 2023"",""0"",""Emiten teknologi PT https://t.co/Mdmw5bFrZV Tbk dan PT GoTo Gojek Tokopedia Tbk telah melantai di Bursa Efek Indonesia sekitar setahun. Kedua perusahaan masih berjuang mencetak profit. #Ekonomi #AdadiKompas https://t.co/iegKgbJdHE"",""1654346110763253762"","""","""",""in"",""Palmerah, Jakarta"",""0"",""0"",""0"",""https://x.com/hariankompas/status/1654346110763253762"",""255866913"",""hariankompas"""
"1654091362822950912,""Thu May 04 13:29:08 +0000 2023"",""39"",""@secgron @gojekindonesia Sistem kaya gini ga layak dan ga etis diterapkan ke 'Mitra'. Kalau mau kaya gini mendingan driver diangkat jadi karyawan perusahaan lah. Makin gila aja nih GOTO"",""1654115946246832128"","""",""secgron"",""in"","""",""0"",""2"",""1"",""https://x.com/ruangragu/status/1654115946246832128"",""1137925303127330817"",""ruangragu"""
"1652103615690215425,""Sat Apr 29 04:03:08 +0000 2023"",""0"",""@Saham_fess Dalam satu tahun rugi kuartalan GOTO berkurang 2.6 trilliun. Kalo kinerjanya konsisten linier saja dalam 10 tahun lagi laba bersih 1 kuartal akan jadi 20 T. Saya percaya GOTO adalah perusahaan masa depan yg bisa menghasilkan laba 1000 T/tahun"",""1652161569013518339"","""",""Saham_fess"",""in"",""Indonesia"",""1"",""1"",""0"",""https://x.com/juraganasset/status/1652161569013518339"",""960731841383743489"",""juraganasset"""
"1647489524132634629,""Sun Apr 16 06:38:06 +0000 2023"",""2"",""Tergantung jenis perusahaan perusahaan kayak Apple MS GoTo jadiin tech sebagai profit center bukan cost center. Kalo pengen berkarir di tech dengan cemerlang kerjalah di perusahaan yg tech org nya sebagai profit center. https://t.co/1kYZ9iZH6O."",""1647489524132634629"","""","""",""in"",""Indonesia"",""0"",""0"",""1"",""https://x.com/ardfard101/status/1647489524132634629"",""154023272"",""ardfard101"""
"1647109901620244487,""Sat Apr 15 05:49:38 +0000 2023"",""0"",""Saya gunakan GOTO Gojek/Tokopedia sebagai ilustrasi. Jelas segelintir perusahaan ini saja menciptakan Lapangan kerja baru dalam skala yg masif. Belum tentu ada program Pemerintah yg sesukses ini dalam disrupsi pasar. Tapi jelas terlalu banyak problem tata kelola pasarnya."",""1647114941466578944"","""",""_haye_"",""in"","""",""0"",""1"",""0"",""https://x.com/_haye_/status/1647114941466578944"",""753553855"",""_haye_"""
"1646867443405430787,""Fri Apr 14 13:26:10 +0000 2023"",""0"",""perusahaan bobrok yg dilabeli aplikasi anak bangsa yg mergernya pun tdk lepas dari berbagai kepentingan penguasa. Fyi mungkin cuma GoTo yg hanya punya aset dibawah standar tapi bisa dapat suntikan dana dari BUMN. #yaudahlahya"",""1646867443405430787"","""","""",""in"","""",""0"",""3"",""0"",""https://x.com/rayhan_attarr/status/1646867443405430787"",""1343218071012429825"",""rayhan_attarr"""
"1646790876952141826,""Fri Apr 14 08:21:55 +0000 2023"",""0"",""Perusahaan modal ventura yang terafiliasi Grup GoTo ini memimpin pendanaan Pickup Coffee dengan partisipasi dari Openspace Ventures dan Kickstart Ventures. https://t.co/0bvTnOqMbO"",""1646790876952141826"","""","""",""in"",""Indonesia"",""0"",""0"",""1"",""https://x.com/TechinAsia_ID/status/1646790876952141826"",""1578524700"",""TechinAsia_ID"""
"1646703625748598795,""Fri Apr 14 02:35:17 +0000 2023"",""0"",""Contohnya GOTO perusahaan gabungan Gojek dan Tokopedia mencatat kerugian 40 triliun pada laporan keuangan konsolidasi Q4 2022."",""1646703642446004225"","""",""txtdrkapitalis"",""in"",""Indonesia"",""0"",""1"",""0"",""https://x.com/txtdrkapitalis/status/1646703642446004225"",""1450404869261590532"",""txtdrkapitalis"""
"1646136280072478721,""Thu Apr 13 02:04:06 +0000 2023"",""0"",""@Theadmrl4 @asumsico @indosatim3 Ini yg namanya akun bot yg sedang mengalihkan topik pembicaraan dengan memanfaatkan akun bot perusahaan yah? Lagi ngomongin topic GOTO ngapain ngomongin indosat di TL ini sih?"",""1646333406077407233"","""",""Theadmrl4"",""in"","""",""0"",""4"",""0"",""https://x.com/Bambang18055179/status/1646333406077407233"",""1413615939354906625"",""Bambang18055179"""
"1646324302361370625,""Thu Apr 13 01:27:55 +0000 2023"",""0"",""orang beli saham 2 perusahaan yang total ruginya 8T malah merger aja udah aneh tolol. goto harus RI tiap tahun selama 10thn baru bs stable"",""1646324302361370625"","""","""",""in"","""",""0"",""1"",""0"",""https://x.com/bidadidum/status/1646324302361370625"",""873724130272477185"",""bidadidum"""
"1646028191268769794,""Wed Apr 12 21:08:36 +0000 2023"",""0"",""@investorgabut jadi sudah waktunya : 1. gak kerja di jabodetabek biar gak stress desek-desekkan di KRL 2. kita invest di perusahaan lain jangan cuma GOTO 3. jangan invest di crypto "",""1646259041180725249"","""",""investorgabut"",""in"","""",""0"",""0"",""0"",""https://x.com/nanovond/status/1646259041180725249"",""59799195"",""nanovond"""
"1646175396696817664,""Wed Apr 12 15:36:13 +0000 2023"",""0"",""Findaya: eh uda jatuh tempo ni bayar utang lu!! Mbaknya: GILA LO masa LO GERTAK GUA MINTA GUA BAYAR UTANG OMG perusahaan SEKELAS GOTO LOH GUYS DECACORN SEREM BGT "",""1646175396696817664"","""","""",""in"","""",""0"",""1"",""0"",""https://x.com/tokoyamied/status/1646175396696817664"",""1447909376052789249"",""tokoyamied"""
"1646150036827324418,""Wed Apr 12 14:26:08 +0000 2023"",""0"",""@La_lunaestrella Ada 5 orang gebukin 1 orang. Disebut keroyokan atau perorangan? DC seperti itu merepresentasikan sebuah perusahaan. Ada nama baik yang harus dijaga. Entity a name itulah yang membuat GoTo bisa IPO di pasar dan perorangan gabisa. Jadi banyak perbedaannya."",""1646157759522521089"","""","""",""in"",""Jakarta - Bandung"",""0"",""1"",""0"",""https://x.com/dviddfw/status/1646157759522521089"",""994817288"",""dviddfw"""
"1645893718107631616,""Tue Apr 11 22:14:15 +0000 2023"",""0"",""Ok lanjut lg Pd dasarnya ini jg berlaku di perusahaan Indonesia yg ada cabang di luar negri. Tp gw liat ga banyak dan gw pribadi g ada pengalaman. Kendati demikian gw tau emang ada perusahaan Indonesia yg buka cabang di luar mis Indofood di afrika GoTo di bengaluru."",""1645913175689400320"","""",""Adtarie"",""in"",""North Sea"",""0"",""1"",""0"",""https://x.com/Adtarie/status/1645913175689400320"",""165640105"",""Adtarie"""
"1645652654490791936,""Tue Apr 11 04:59:02 +0000 2023"",""0"",""Selain GOTO Softbank Obral Saham di Perusahaan Perangkat Lunak Lain https://t.co/4SYrPKAyCc"",""1645652654490791936"","""","""",""in"","""",""0"",""0"",""0"",""https://x.com/inilahdotcom/status/1645652654490791936"",""46693036"",""inilahdotcom"""
"1645618084353576960,""Tue Apr 11 03:22:30 +0000 2023"",""0"",""@lucaxyzz Ini paradigma yang ngga tepat padahal. Coba cek di negara yang capital marketnya sudah maju pesat (US) indikator perusahaan sehat justru dilihat dari seberapa banyak kepemilikan publik. Udah gitu juga untuk kasus kayak GOTO kan emang saham founder beda hak suara."",""1645628362868801537"","""",""lucaxyzz"",""in"",""Jakarta, Indonesia"",""0"",""2"",""0"",""https://x.com/za_ka/status/1645628362868801537"",""96701530"",""za_ka"""
"1645282117977530370,""Mon Apr 10 07:11:56 +0000 2023"",""0"",""@cnbcindonesia Setelah goto disuntik telkomsel pengendali boy tohir anak perusahaan telkom dikendalikan menteri bumn erik tohir"",""1645323713255190528"","""",""cnbcindonesia"",""in"","""",""0"",""0"",""0"",""https://x.com/BudianaIrmawan/status/1645323713255190528"",""100801611"",""BudianaIrmawan"""
"1645270277746724864,""Mon Apr 10 05:38:09 +0000 2023"",""1"",""@desmondwira Bikin deg deg serrrr bgt GOTO Mas @desmondwira BUKA dgn strategi investasinya apa bisa long term ? Atau ada kemungkinan BUKA akan menjadi perusahaan investasi dengan menganaktirikan market place-nya dibidang teknologi ?"",""1645300113768861697"","""",""desmondwira"",""in"",""Jakarta, Indonesia"",""0"",""1"",""0"",""https://x.com/ari_aditya/status/1645300113768861697"",""76351840"",""ari_aditya"""
"1645270277746724864,""Mon Apr 10 04:51:19 +0000 2023"",""1"",""@desmondwira Tadinya pd optimis bakal kyk SEA induk shopee yg akhirnya bisa profit untuk pertama kali. Eh taunya GOTO malah makin parah ruginya naik 100% rugi GOTO. Ini Softbank sama anak perusahaan Alibaba bakal terus buang sahamnya Retail kita aja yg rajin menampung"",""1645288324423385088"","""",""desmondwira"",""in"",""Jakarta Capital Region"",""0"",""1"",""1"",""https://x.com/Tanto19/status/1645288324423385088"",""77764779"",""Tanto19"""
"1645285113658482688,""Mon Apr 10 04:38:33 +0000 2023"",""3"",""Perusahaan investasi terafiliasi Softbank SVF GT Subco melepas sahamnya di PT GoTo Gojek Tokopedia Tbk. (GOTO) secara bertahap. https://t.co/kdfd7Cc7tT"",""1645285113658482688"","""","""",""in"",""Jakarta, Indonesia"",""0"",""0"",""1"",""https://x.com/Bisniscom/status/1645285113658482688"",""118646322"",""Bisniscom"""
"1637730654606757890,""Mon Mar 20 08:19:50 +0000 2023"",""0"",""6 Startup Indonesia yang Lakukan PHK di Tahun 2023 Ada Perusahaan Fintech #bibit #Fazz #Moladin #OLX #PHK #GOTO #Startup #Zenius @bibitid @moladinID @olxautos_id @zeniuseducation https://t.co/Lm63tF8mov lewat @selularid"",""1637730654606757890"","""","""",""in"","""",""0"",""0"",""0"",""https://x.com/SelularID/status/1637730654606757890"",""57223495"",""SelularID"""
"1637387592990883841,""Sun Mar 19 14:49:47 +0000 2023"",""0"",""@Karsono12732862 @pengarang_sajak Beli saham kok masuk nepotisme ini rumus darimana? Ini saham perusahaan terbuka bukan bukan lagi BUMN. Goto dan Tokopedia itu banyak yang tanam saham termasuk asing."",""1637466402482425863"","""",""Karsono12732862"",""in"","""",""0"",""2"",""0"",""https://x.com/putrapetir_007/status/1637466402482425863"",""2228029288"",""putrapetir_007"""
"1637294627081568257,""Sun Mar 19 03:27:13 +0000 2023"",""0"",""Saham GoTo: Membuka Peluang Investasi di Perusahaan Teknologi Terbesar di Indonesia https://t.co/fl25iGYV2L"",""1637294627081568257"","""","""",""in"","""",""0"",""0"",""0"",""https://x.com/aptoodetcom/status/1637294627081568257"",""1560213232790700033"",""aptoodetcom"""
"1636539728949329921,""Fri Mar 17 01:27:31 +0000 2023"",""0"",""Kami merangkum data dan metrik-metrik bisnis dari enam perusahaan teknologi di Asia Tenggara seperti Sea Grab GoTo Bukalapak dan lainnya. https://t.co/PsI0ANc43J"",""1636539728949329921"","""","""",""in"",""Indonesia"",""0"",""0"",""0"",""https://x.com/TechinAsia_ID/status/1636539728949329921"",""1578524700"",""TechinAsia_ID"""
"1635887681866715136,""Wed Mar 15 10:26:14 +0000 2023"",""0"",""@PartaiSocmed satu lagi nemu katanya mereka yang membuat kebanyakan orang yang bekerja di Perusahaan GOTO di PECAT gara-gara 2 manusia ini @PartaiSocmed #tumbangkanpartaisocmed https://t.co/RtnpEWajJ2"",""1635950527224909825"",""https://pbs.twimg.com/media/FrQQUIUaEAAMNhz.jpg"",""AnasTanjung18"",""in"",""Semarang"",""0"",""1"",""0"",""https://x.com/AnasTanjung18/status/1635950527224909825"",""1534054615519350785"",""AnasTanjung18"""
"1635579670568775687,""Tue Mar 14 09:58:31 +0000 2023"",""0"",""@PartaiSocmed padahal aku pengen preteli perusahaan ini gara2 maen Di Goto "",""1635581162109427712"","""",""PartaiSocmed"",""in"",""adikarta, Indonesia"",""0"",""0"",""0"",""https://x.com/irvanababil10/status/1635581162109427712"",""4722272047"",""irvanababil10"""
"1635230038265323521,""Mon Mar 13 10:43:16 +0000 2023"",""0"",""Makin luas perusahaan yang bekerjasama dengan GOTO! Melati FOMO Pemilu 2024 Perempuan Bangsa Siang https://t.co/YaFfOLDTXX"",""1635230038265323521"",""https://pbs.twimg.com/media/FrGBDYIaYAMMFPl.jpg"","""",""in"","""",""0"",""0"",""0"",""https://x.com/anihasanah_/status/1635230038265323521"",""1444303593830379523"",""anihasanah_"""
"1635194620668968961,""Mon Mar 13 08:22:53 +0000 2023"",""0"",""Melirik dari sejarah perusahaan sebelumnya GoTo juga melakukan PHK terhadap 1.300 orang atau sekitar 12% dari total karyawan tetap Grup GoTo pada Jumat 18 November 2022. GoTo mengumumkan pembaruan strategi untuk membangun perusahaan yang berkelanjutan menguntungkan dan"",""1635194708380237826"","""",""TrijayafmSby"",""in"","""",""0"",""1"",""0"",""https://x.com/TrijayafmSby/status/1635194708380237826"",""1438732688198823937"",""TrijayafmSby"""
"1635194620668968961,""Mon Mar 13 08:22:32 +0000 2023"",""0"",""Pemutusan Hubungan Kerja (PHK) kembali terjadi di Perusahaan jasa ride-hailing dan e-commerce PT GoTo Gojek Tokopedia Tbk (GOTO) memutuskan untuk melakukan pemutusan hubungan kerja (PHK) sebanyak 600 orang dari total karyawan di semua negara. https://t.co/ZbdXQ8oYd6"",""1635194620668968961"",""https://pbs.twimg.com/media/FrFg10VaQAA6fTF.jpg"","""",""in"","""",""0"",""1"",""0"",""https://x.com/TrijayafmSby/status/1635194620668968961"",""1438732688198823937"",""TrijayafmSby"""
"1635165539340521472,""Mon Mar 13 06:26:59 +0000 2023"",""0"",""GoTo Lakukan Perampingan Analis Melihat Bakal Berdampak Positif Bagi Perusahaan https://t.co/8694pBxtwZ via @transonlinecom"",""1635165539340521472"","""","""",""in"",""Indonesia"",""0"",""0"",""0"",""https://x.com/transonlinecom/status/1635165539340521472"",""1177889535272734720"",""transonlinecom"""
"1635144940979384320,""Mon Mar 13 05:05:08 +0000 2023"",""2"",""Analis melihat langkah GoTo Gojek Tokopedia (GOTO) melakukan PHK kepada 600 posisi dapat berdampak positif bagi perusahaan. https://t.co/0RV8xV0brQ"",""1635144940979384320"","""","""",""in"",""Jakarta, Indonesia"",""0"",""0"",""0"",""https://x.com/Bisniscom/status/1635144940979384320"",""118646322"",""Bisniscom"""
"1634884423345926144,""Mon Mar 13 03:55:46 +0000 2023"",""1"",""@Unsoedfess1963 Analisis dampak merger terhadap kinerja keuangan pada perusahaan goto (g0jek + toped)"",""1635127486983053317"","""",""Unsoedfess1963"",""in"",""Kuvukiland"",""0"",""0"",""0"",""https://x.com/pancaphp/status/1635127486983053317"",""1089153912001581056"",""pancaphp"""
"1634727559559610368,""Sun Mar 12 01:26:36 +0000 2023"",""2"",""PT GoTo Gojek Tokopedia Tbk (GOTO) kembali melakukan PHK terhadap 600 karyawannya. PHK dilakukan sebagai efisiensi untuk memperkuat operasional perusahaan. https://t.co/GzgImxQeD9"",""1634727559559610368"","""","""",""in"",""Jakarta, Indonesia"",""0"",""1"",""0"",""https://x.com/detikfinance/status/1634727559559610368"",""135795460"",""detikfinance"""
"1634716179452551169,""Sun Mar 12 00:41:23 +0000 2023"",""0"",""Analisis Dampak PHK GOTO ke Kinerja Perusahaan lebih banyak detail : https://t.co/0HUrgpZlep"",""1634716179452551169"","""","""",""in"",""Sumatera Utara, Indonesia"",""0"",""0"",""0"",""https://x.com/SUHERIS54973466/status/1634716179452551169"",""1573623345987264512"",""SUHERIS54973466"""
"1634558344294985729,""Sat Mar 11 14:14:12 +0000 2023"",""12"",""Gue juga punya saham dibanyak perusahaan. Ada bjtm sido fren sril wika goto dmas bbni bbca bbri bmri masing-masing 1 lot "",""1634558344294985729"","""","""",""in"",""kalo gps-nya sih di kantor 😌"",""0"",""10"",""6"",""https://x.com/PNS_Garis_Lucu/status/1634558344294985729"",""1169788851482574848"",""PNS_Garis_Lucu"""
"1634453192636354563,""Sat Mar 11 07:16:22 +0000 2023"",""0"",""Badai pemutusan hubungan kerja (PHK) rupanya masih dialami oleh sejumlah perusahaan di Tanah Air. Pada Sabtu (10/3/2023) PT GoTo Gojek Tokopedia Tbk (GoTo) kembali melakukan PHK terhadap 600 karyawannya. &lt  #Tren #PHKGoTo https://t.co/sX1fRBxAFd"",""1634453192636354563"","""","""",""in"",""Jakarta"",""0"",""0"",""1"",""https://x.com/kompascom/status/1634453192636354563"",""23343960"",""kompascom"""
"1634428553642274816,""Sat Mar 11 05:38:28 +0000 2023"",""0"",""PT GoTo Gojek Tokopedia Tbk kembali memberhentikan 600 karyawannya. Juru Bicara GoTo Koesoemohadiani mengatakan langkah ini diambil karena perusahaan melakukan pembaharuan strategi bisnis. - #genvoice #layoff #PHKmassal #goto #gojek #tokopedia #update https://t.co/jN16PFtMSn"",""1634428553642274816"",""https://pbs.twimg.com/media/Fq6oGNwacAATfcS.jpg"","""",""in"","""",""0"",""0"",""0"",""https://x.com/genvoiceid/status/1634428553642274816"",""1621390110947434498"",""genvoiceid"""
"1634365802336997380,""Sat Mar 11 01:29:06 +0000 2023"",""7"",""PT GoTo Gojek Tokopedia Tbk (GOTO) kembali melakukan PHK terhadap 600 karyawannya. PHK dilakukan sebagai efisiensi untuk memperkuat operasional perusahaan. https://t.co/bMidAH5Z0t"",""1634365802336997380"","""","""",""in"","""",""1"",""2"",""6"",""https://x.com/detikcom/status/1634365802336997380"",""69183155"",""detikcom"""
"1634365620572798977,""Sat Mar 11 01:28:23 +0000 2023"",""0"",""Demi efisiensi operasional manajemen perusahaan teknologi GoTo kembali melakukan pemangkasan jumlah karyawan. Kali ini sebanyak 600 orang karyawan terdampak. https://t.co/DuV2AQJw53 #Ekonomi #AdadiKompas"",""1634365620572798977"","""","""",""in"",""Palmerah, Jakarta"",""0"",""0"",""0"",""https://x.com/hariankompas/status/1634365620572798977"",""255866913"",""hariankompas"""
"1634352497962647553,""Sat Mar 11 00:59:17 +0000 2023"",""0"",""@detikfinance Semoga Goto bertambah maju dan perusahaan menjadi makin efektif. Sehingga apabila nanti dianggap perlu bisa menerima 1000 karyawan baru. .aju terus goto."",""1634358297632600064"","""",""detikfinance"",""in"",""Jakarta - Indonesia"",""0"",""0"",""0"",""https://x.com/wisnudjati/status/1634358297632600064"",""38128904"",""wisnudjati"""
"1634352497962647553,""Sat Mar 11 00:36:14 +0000 2023"",""1"",""PT GoTo Gojek Tokopedia Tbk (GOTO) kembali melakukan PHK terhadap 600 karyawannya. PHK dilakukan sebagai efisiensi untuk memperkuat operasional perusahaan. https://t.co/i6iJieWk4S"",""1634352497962647553"","""","""",""in"",""Jakarta, Indonesia"",""0"",""1"",""0"",""https://x.com/detikfinance/status/1634352497962647553"",""135795460"",""detikfinance"""
"1634201455275155456,""Fri Mar 10 14:36:03 +0000 2023"",""0"",""GOTO menyatakan karyawan yang terdampak PHK akan memperoleh dukungan dari perusahaan selama masa transisi. https://t.co/FzFkNerZTK"",""1634201455275155456"","""","""",""in"",""Jakarta, Indonesia"",""0"",""0"",""0"",""https://x.com/Bisniscom/status/1634201455275155456"",""118646322"",""Bisniscom"""
"1634137036348350464,""Fri Mar 10 13:16:58 +0000 2023"",""3"",""@Saham_fess ambil perusahaan bluechip dlu yg udh terbukti tes mental di situ skalian blajar tipis tipis. jgn lgsg terjun ke goto akwokaowk"",""1634181553533386752"","""",""Saham_fess"",""in"",""rumah"",""0"",""0"",""0"",""https://x.com/rumpiinosecret/status/1634181553533386752"",""1038770458391326720"",""rumpiinosecret"""
"1634164993464889344,""Fri Mar 10 12:11:10 +0000 2023"",""7"",""PT. GoTo Gojek Tokopedia Tbk belakangan ini banyak menuai sorotan dan permasalahan terkait persoalan Investasi anak perusahaan Telkom seperti PT. Telkomsel senilai Rp.6 4 triliun pada bulan November 2020 di GoTo Sampai detik ini persoalan tersebut belum ada titik terang!!"",""1634164993464889344"","""","""",""in"",""Indonesia"",""0"",""0"",""1"",""https://x.com/18_Boye_81/status/1634164993464889344"",""3170751642"",""18_Boye_81"""
"1634164718477918208,""Fri Mar 10 12:10:04 +0000 2023"",""0"",""Perampingan perusahaan GoTo PHK 600 karyawan https://t.co/Qnr30sZWgt https://t.co/qtGRit1YKh"",""1634164718477918208"",""https://pbs.twimg.com/media/Fq24JlHagAIzV5T.jpg"","""",""in"",""Indonesia"",""1"",""0"",""0"",""https://x.com/alineadotid/status/1634164718477918208"",""354168059"",""alineadotid"""
"1634154723623182336,""Fri Mar 10 11:30:21 +0000 2023"",""1"",""GOTO kembali melakukan PHK 600 karyawan di sejumlah unit bisnis. Langkah efisiensi ini diharapkan dapat mengoptimalkan kinerja bisnis yang dijalankan perusahaan jadi lebih efisien dan keberlanjutan. https://t.co/H5ePGJ5BwI"",""1634154723623182336"","""","""",""in"",""Indonesia"",""0"",""0"",""0"",""https://x.com/dailysocial/status/1634154723623182336"",""23046757"",""dailysocial"""
"1634149927675674627,""Fri Mar 10 11:11:18 +0000 2023"",""1"",""GOTO kembali melakukan penyesuaian dan konsolidasi tim serta struktur bisnis demi mendorong perusahaan menuju kemandirian finansial. https://t.co/3fHTlk0WJR"",""1634149927675674627"","""","""",""in"",""Jakarta, Indonesia"",""0"",""0"",""0"",""https://x.com/detikfinance/status/1634149927675674627"",""135795460"",""detikfinance"""
"1634143494506700801,""Fri Mar 10 10:45:44 +0000 2023"",""1"",""Pemutusan Hubungan Kerja (PHK) kembali terjadi di perusahaan jasa ride-hailing &amp  e-commerce PT GoTo Gojek Tokopedia Tbk (GOTO) memutuskan untuk melakukan PHK sebanyak 600 orang dari total karyawan di semua negara. GIN https://t.co/qyQtWEictY #iNews #PHK #GoTo #Gojek #Tokopedia https://t.co/4tQa5COeey"",""1634143494506700801"",""https://pbs.twimg.com/media/Fq2kUWVXgAIl3rL.jpg"","""",""in"",""iNews Tower Jakarta"",""0"",""0"",""0"",""https://x.com/SeputariNews/status/1634143494506700801"",""375995332"",""SeputariNews"""
"1634115779573735425,""Fri Mar 10 08:55:36 +0000 2023"",""0"",""Manajemen GoTo mengtatakan PHK 600 karyawan ini merupakan bentuk penyesuaian yang perlu dilakukan untuk memperkuat operasional perusahaan. #kumparanbisnis #bisnisupdate #goto https://t.co/MbZkkLLXRQ"",""1634115779573735425"","""","""",""in"","""",""0"",""0"",""0"",""https://x.com/kumparan/status/1634115779573735425"",""759692754985242625"",""kumparan"""
"1633294374674259974,""Wed Mar 08 02:31:38 +0000 2023"",""90"",""1. Oversupply Listrik RI 2. Utang PLN Menggunung. 3. Pembangkit Listrik Dibangun Lagi. 4. Perusahaan GOTO - TOBA Bakal Pasok Motor Listrik https://t.co/IDSEjELFUb"",""1633294374674259974"",""https://pbs.twimg.com/media/Fqqght9aEAE3x_k.jpg"","""",""in"","""",""0"",""5"",""46"",""https://x.com/CalonIndependen/status/1633294374674259974"",""1504116674781331457"",""CalonIndependen"""
"1632783297729433600,""Mon Mar 06 16:45:30 +0000 2023"",""6"",""Perusahaan patungan PT GoTo Gojek Tokopedia Tbk (GOTO) dan PT TBS Energi Utama Tbk (TOBA) Electrum siap memproduksi motor listrik pada 2024. https://t.co/mtyiMRGxR9"",""1632784482368634881"","""",""NephilaXmus"",""in"",""Indonesia"",""0"",""1"",""1"",""https://x.com/NephilaXmus/status/1632784482368634881"",""62764588"",""NephilaXmus"""
"1632517641754775553,""Sun Mar 05 23:05:11 +0000 2023"",""0"",""Lebih Cepat! GOTO Siap Jadi Perusahaan Cetak Profit di 2023 https://t.co/TUmVHoJuhD"",""1632517641754775553"","""","""",""in"",""Jakarta"",""0"",""0"",""0"",""https://x.com/Beritasatu/status/1632517641754775553"",""154102750"",""Beritasatu"""
"1631550114396356608,""Fri Mar 03 07:00:34 +0000 2023"",""3"",""GoTo menyiapkan tiga strategi utama guna mengejar profitabilitas perusahaan 4 kuartal lebih cepat dari pedoman sebelumnya. https://t.co/rbcP17xd50"",""1631550114396356608"","""","""",""in"",""Jakarta"",""0"",""0"",""0"",""https://x.com/kompascom/status/1631550114396356608"",""23343960"",""kompascom"""
"1631105326903701505,""Thu Mar 02 01:33:09 +0000 2023"",""2"",""Salah satu agenda RUPSLB GoTo adalah meminta persetujuan para pemegang saham terkait perombakan jajaran komisaris dan direksi perusahaan. #kumparanbisnis #bisnisupdate #goto https://t.co/BVwHUV7CXu"",""1631105326903701505"","""","""",""in"","""",""0"",""0"",""0"",""https://x.com/kumparan/status/1631105326903701505"",""759692754985242625"",""kumparan"""
"1630842985536716800,""Wed Mar 01 08:10:42 +0000 2023"",""1"",""Laba Bersih Meroket 43% ASII Sebar Dividen Rp552 per saham! Jika dibandingkan dgn tahun 2021 laba bersih ASII meningkat 43% menjadi Rp28 9 triliun. Laba bersih ini di luar nilai wajar investasi perusahaan di GoTo &amp Hermina. Sumber: https://t.co/y6yC28l3dE #TalktoPhillip https://t.co/uRzVrzbZmv"",""1630842985536716800"",""https://pbs.twimg.com/media/FqHq8cgaUAApVMW.jpg"","""",""in"",""Indonesia"",""0"",""1"",""1"",""https://x.com/TalkToPhillip/status/1630842985536716800"",""176733069"",""TalkToPhillip"""
"1629717334142386176,""Sun Feb 26 14:28:25 +0000 2023"",""0"",""@Geraldi204 @tokopedia @AREAJULID mrk satu perusahaan ga si namanya goto (keknya klo ga salah nama prusahaanny) jadi yah.. klo blng produk lain (yng satu prusahaan) jg ga salah jadinya"",""1629850879691214850"","""",""Geraldi204"",""in"",""sky"",""0"",""0"",""0"",""https://x.com/j2know_/status/1629850879691214850"",""1533393918238531584"",""j2know_"""
"1629123027295408128,""Fri Feb 24 14:19:00 +0000 2023"",""0"",""BUMN dalam hal ini Telkom hanya boleh membeli saham atau investasi pada perusahaan yang untung walaupun hanya tercatat untung di pembukuan saja. Sementara GoTo masih merugi dan seharusnya Telkomsel sebagai anak usaha BUMN tidak boleh membeli saham GOTO."",""1629123732571832320"","""",""0day_ID"",""in"",""Jakarta"",""0"",""2"",""1"",""https://x.com/0day_ID/status/1629123732571832320"",""4839727094"",""0day_ID"""
"1629123027295408128,""Fri Feb 24 14:18:53 +0000 2023"",""0"",""Goto didukung oleh penjamin yang besar dan kuat 3 perusahaan sekuritas pemain lama di bursa efek Indonesia."",""1629123705673781251"","""",""0day_ID"",""in"",""Jakarta"",""0"",""1"",""0"",""https://x.com/0day_ID/status/1629123705673781251"",""4839727094"",""0day_ID"""
"1629123027295408128,""Fri Feb 24 14:16:14 +0000 2023"",""0"",""Padahal sebelumnya pemerintah sendiri cukup tengah memproyeksikan bahwa perusahaan GOTO merupakan salah satu perusahaan yang memberikan harapan besar untuk menopang perekonomian nasional. https://t.co/QbSrK6JS0W"",""1629123039240810496"","""",""0day_ID"",""in"",""Jakarta"",""0"",""1"",""0"",""https://x.com/0day_ID/status/1629123039240810496"",""4839727094"",""0day_ID"""
"1629123027295408128,""Fri Feb 24 14:16:13 +0000 2023"",""0"",""Menariknya baru-baru ini justru terjadi tsunami secara besar-besaran yang menimpa perusahaan GOTO hingga menyebabkan beberapa perusahaan GOTO bangkrut."",""1629123034664828928"","""",""0day_ID"",""in"",""Jakarta"",""0"",""1"",""1"",""https://x.com/0day_ID/status/1629123034664828928"",""4839727094"",""0day_ID"""
"1629123027295408128,""Fri Feb 24 14:16:12 +0000 2023"",""0"",""Kasus yang menimpa perusahaan GOTO baru-baru ini terlihat cukup janggal mengingat perusahaan ini tengah mendapatkan perhatian khusus dari pemerintah."",""1629123030336294912"","""",""0day_ID"",""in"",""Jakarta"",""0"",""1"",""0"",""https://x.com/0day_ID/status/1629123030336294912"",""4839727094"",""0day_ID"""
